Test ID:,Date Tested:,Time:,Test Type:,Diameter Avg. (mm):,Cyl. Corr. Factor:,Height (mm):,Age (days):,Weight (kN):,Break Type:,Ramp Rate (MPa/s):,Load at Break (kN):,Stress at Break (MPa):
12,6/8/2021,07:13,Cylinder,100,1,200,0,3.6,3,0.23,274.07,34.89
Sample Time,Load (kN),Stress (MPa),Long. Strain,Trans. Strain,Chan1 Deflection (mm),Chan2 Deflection (mm)
0:0:22.876,7.6820787031987,0.979055533761473,0,0.000885,0,0
0:0:22.974,11.787787239998,1.50305708704226,0,0.000885,0,0
0:0:23.072,14.6035115127975,1.8615844656028,0,0.000885,0,0
0:0:23.173,14.6035115127975,1.8615844656028,0,0.000885,0,0
0:0:23.273,14.5456846319975,1.85468970832279,0,0.000885,0,0
0:0:23.372,14.3677557679976,1.82711067920275,0,0.000885,0,0
0:0:23.470,14.3677557679976,1.82711067920275,0,0.000885,0,0
0:0:23.569,14.1364482447976,1.79953165008271,0,0.000885,0,0
0:0:23.669,13.7850387383977,1.75816310640264,0,0.000885,0,0
0:0:23.770,13.5492829935977,1.72368932000259,0,0.000885,0,0
0:0:23.869,13.5492829935977,1.72368932000259,0,0.000885,0,0
0:0:23.967,13.0777715039978,1.66853126176251,0,0.000885,0,0
0:0:24.065,13.0199446231978,1.65474174720249,0,0.000885,0,0
0:0:24.167,13.1355983847978,1.67542601904252,0,0.000885,0,0
0:0:24.266,13.1355983847978,1.67542601904252,0,0.000885,0,0
0:0:24.365,12.9042908615978,1.64095223264247,0,0.000885,0,0
0:0:24.462,12.6685351167978,1.61337320352243,0,0.000885,0,0
0:0:24.560,12.6685351167978,1.61337320352243,0,0.000885,0,0
0:0:24.660,12.6685351167978,1.61337320352243,0,0.000885,0,0
0:0:24.761,12.6685351167978,1.61337320352243,0,0.000885,0,0
0:0:24.861,12.5528813551979,1.59958368896241,0,0.000885,0,0
0:0:24.959,12.5528813551979,1.59958368896241,0,0.000885,0,0
0:0:25.057,12.5528813551979,1.59958368896241,0,0.000885,0,0
0:0:25.156,12.0813698655979,1.53753087344231,0,0.000885,0,0
0:0:25.258,12.2014718487979,1.55132038800233,0,0.000885,0,0
0:0:25.359,12.2014718487979,1.55132038800233,0,0.000885,0,0
0:0:25.454,12.2592987295979,1.55821514528234,0,0.000885,0,0
0:0:25.551,12.1391967463979,1.54442563072232,0,0.000885,0,0
0:0:25.651,12.3171256103979,1.56510990256235,0,0.000885,0,0
0:0:25.752,12.3171256103979,1.56510990256235,0,0.000885,0,0
0:0:25.852,12.4906062527979,1.5926889316824,0,0.000885,0,0
0:0:25.949,12.3749524911979,1.57889941712237,0,0.000885,0,0
0:0:26.048,12.2014718487979,1.55132038800233,0,0.000885,0,0
0:0:26.146,12.2014718487979,1.55132038800233,0,0.000885,0,0
0:0:26.248,12.1391967463979,1.54442563072232,0,0.000885,0,0
0:0:26.348,12.1391967463979,1.54442563072232,0,0.000885,0,0
0:0:26.447,12.1391967463979,1.54442563072232,0,0.000885,0,0
0:0:26.543,12.0813698655979,1.53753087344231,0,0.000885,0,0
0:0:26.641,12.5528813551979,1.59958368896241,0,0.000885,0,0
0:0:26.743,12.9621177423978,1.64784698992248,0,0.000885,0,0
0:0:26.843,12.9621177423978,1.64784698992248,0,0.000885,0,0
0:0:26.942,13.0777715039978,1.66853126176251,0,0.000885,0,0
0:0:27.041,13.4914561127977,1.71679456272258,0,0.000885,0,0
0:0:27.139,13.2557003679977,1.68921553360254,0,0.000885,0,0
0:0:27.239,13.2557003679977,1.68921553360254,0,0.000885,0,0
0:0:27.340,13.3135272487977,1.69611029088255,0,0.000885,0,0
0:0:27.440,13.6649367551977,1.73747883456261,0,0.000885,0,0
0:0:27.537,13.0777715039978,1.66853126176251,0,0.000885,0,0
0:0:27.634,13.0777715039978,1.66853126176251,0,0.000885,0,0
0:0:27.734,13.0777715039978,1.66853126176251,0,0.000885,0,0
0:0:27.835,14.0741731423976,1.7926368928027,0,0.000885,0,0
0:0:27.935,14.0741731423976,1.7926368928027,0,0.000885,0,0
0:0:28.032,14.1942751255976,1.80642640736272,0,0.000885,0,0
0:0:28.130,14.8392672575975,1.88916349472284,0,0.000885,0,0
0:0:28.230,14.8970941383975,1.89605825200285,0,0.000885,0,0
0:0:28.331,14.8970941383975,1.89605825200285,0,0.000885,0,0
0:0:28.432,15.0750230023974,1.91674252384288,0,0.000885,0,0
0:0:28.534,15.2485036447974,1.94432155296292,0,0.000885,0,0
0:0:28.634,15.5420862703974,1.97879533936298,0,0.000885,0,0
0:0:28.736,15.5420862703974,1.97879533936298,0,0.000885,0,0
0:0:28.838,16.0714246407973,2.04774291216308,0,0.000885,0,0
0:0:28.940,16.5963147895972,2.11669048496318,0,0.000885,0,0
0:0:29.041,16.7742436535972,2.13737475680321,0,0.000885,0,0
0:0:29.143,16.7742436535972,2.13737475680321,0,0.000885,0,0
0:0:29.243,17.1834800407971,2.18563805776329,0,0.000885,0,0
0:0:29.344,17.3614089047971,2.21321708688333,0,0.000885,0,0
0:0:29.445,17.654991530397,2.24769087328338,0,0.000885,0,0
0:0:29.546,17.654991530397,2.24769087328338,0,0.000885,0,0
0:0:29.647,18.1798816791969,2.31663844608348,0,0.000885,0,0
0:0:29.748,18.2999836623969,2.33042796064351,0,0.000885,0,0
0:0:29.849,18.7092200495968,2.38558601888359,0,0.000885,0,0
0:0:29.950,18.7092200495968,2.38558601888359,0,0.000885,0,0
0:0:30.050,18.9449757943968,2.41316504800363,0,0.000885,0,0
0:0:30.147,19.4698659431967,2.48211262080373,0,0.000885,0,0
0:0:30.247,20.2349600583966,2.57863922272388,0,0.000885,0,0
0:0:30.348,20.2349600583966,2.57863922272388,0,0.000885,0,0
0:0:30.449,20.8799521903965,2.661376310084,0,0.000885,0,0
0:0:30.549,21.0534328327964,2.68206058192403,0,0.000885,0,0
0:0:30.647,21.1735348159964,2.69585009648405,0,0.000885,0,0
0:0:30.745,21.1735348159964,2.69585009648405,0,0.000885,0,0
0:0:30.847,21.2891885775964,2.70963961104408,0,0.000885,0,0
0:0:30.948,21.6405980839963,2.75790291200415,0,0.000885,0,0
0:0:31.047,22.1121095735962,2.81306097024423,0,0.000885,0,0
0:0:31.144,22.1121095735962,2.81306097024423,0,0.000885,0,0
0:0:31.242,22.2277633351962,2.82685048480425,0,0.000885,0,0
0:0:31.344,22.2855902159962,2.84063999936427,0,0.000885,0,0
0:0:31.444,22.2855902159962,2.84063999936427,0,0.000885,0,0
0:0:31.545,22.7571017055961,2.89579805760436,0,0.000885,0,0
0:0:31.642,22.3478653183962,2.84753475664428,0,0.000885,0,0
0:0:31.740,23.1663380927961,2.95095611584444,0,0.000885,0,0
0:0:31.843,23.1663380927961,2.95095611584444,0,0.000885,0,0
0:0:31.943,23.344266956796,2.97164038768447,0,0.000885,0,0
0:0:32.043,23.344266956796,2.97164038768447,0,0.000885,0,0
0:0:32.139,23.753503343996,3.02679844592455,0,0.000885,0,0
0:0:32.237,23.753503343996,3.02679844592455,0,0.000885,0,0
0:0:32.339,24.1627397311959,3.07506174688463,0,0.000885,0,0
0:0:32.440,24.3406685951959,3.09574601872466,0,0.000885,0,0
0:0:32.540,24.6342512207958,3.13711456240472,0,0.000885,0,0
0:0:32.639,24.6342512207958,3.13711456240472,0,0.000885,0,0
0:0:32.735,24.3406685951959,3.09574601872466,0,0.000885,0,0
0:0:32.837,24.8077318631958,3.15779883424475,0,0.000885,0,0
0:0:32.938,24.8077318631958,3.15779883424475,0,0.000885,0,0
0:0:33.039,24.8700069655958,3.16469359152476,0,0.000885,0,0
0:0:33.141,25.2792433527957,3.21985164976484,0,0.000885,0,0
0:0:33.242,25.8041335015956,3.28879922256495,0,0.000885,0,0
0:0:33.345,25.8041335015956,3.28879922256495,0,0.000885,0,0
0:0:33.447,25.9820623655956,3.30948349440498,0,0.000885,0,0
0:0:33.548,26.2178181103955,3.33706252352502,0,0.000885,0,0
0:0:33.649,26.3912987527955,3.35774679536505,0,0.000885,0,0
0:0:33.751,26.3912987527955,3.35774679536505,0,0.000885,0,0
0:0:33.851,26.9206371231954,3.42669436816515,0,0.000885,0,0
0:0:33.953,26.8628102423954,3.41979961088514,0,0.000885,0,0
0:0:34.052,27.2142197487954,3.46806291184522,0,0.000885,0,0
0:0:34.154,27.2142197487954,3.46806291184522,0,0.000885,0,0
0:0:34.254,27.3877003911953,3.48874718368525,0,0.000885,0,0
0:0:34.355,28.1527945063952,3.58527378560539,0,0.000885,0,0
0:0:34.456,27.8592118807953,3.54390524192533,0,0.000885,0,0
0:0:34.557,27.8592118807953,3.54390524192533,0,0.000885,0,0
0:0:34.655,27.9170387615953,3.55769475648535,0,0.000885,0,0
0:0:34.752,28.5042040127952,3.62664232928545,0,0.000885,0,0
0:0:34.853,28.7977866383951,3.66801087296552,0,0.000885,0,0
0:0:34.954,28.7977866383951,3.66801087296552,0,0.000885,0,0
0:0:35.054,29.0335423831951,3.69558990208556,0,0.000885,0,0
0:0:35.152,29.264849906395,3.7231689312056,0,0.000885,0,0
0:0:35.248,29.9098420383949,3.80590601856572,0,0.000885,0,0
0:0:35.348,29.9098420383949,3.80590601856572,0,0.000885,0,0
0:0:35.450,29.9098420383949,3.80590601856572,0,0.000885,0,0
0:0:35.551,30.2034246639949,3.84727456224579,0,0.000885,0,0
0:0:35.650,30.3813535279948,3.86795883408582,0,0.000885,0,0
0:0:35.748,30.3813535279948,3.86795883408582,0,0.000885,0,0
0:0:35.848,30.7905899151948,3.9231168923259,0,0.000885,0,0
0:0:35.950,31.2621014047947,3.97827495056598,0,0.000885,0,0
0:0:36.050,31.2621014047947,3.97827495056598,0,0.000885,0,0
0:0:36.149,30.9685187791947,3.94380116416593,0,0.000885,0,0
0:0:36.245,31.4355820471947,4.00585397968602,0,0.000885,0,0
0:0:36.345,31.7869915535946,4.04722252336609,0,0.000885,0,0
0:0:36.445,31.7869915535946,4.04722252336609,0,0.000885,0,0
0:0:36.547,32.3741568047945,4.1230648534462,0,0.000885,0,0
0:0:36.646,32.0227472983946,4.07480155248613,0,0.000885,0,0
0:0:36.745,32.7833931919944,4.17132815440627,0,0.000885,0,0
0:0:36.845,32.7833931919944,4.17132815440627,0,0.000885,0,0
0:0:36.945,32.6677394303945,4.15753863984625,0,0.000885,0,0
0:0:37.047,32.9034951751944,4.19201242624631,0,0.000885,0,0
0:0:37.144,33.4906604263943,4.26095999904641,0,0.000885,0,0
0:0:37.241,33.4906604263943,4.26095999904641,0,0.000885,0,0
0:0:37.341,33.4906604263943,4.26095999904641,0,0.000885,0,0
0:0:37.442,33.6063141879943,4.28164427088644,0,0.000885,0,0
0:0:37.543,33.6063141879943,4.28164427088644,0,0.000885,0,0
0:0:37.642,34.1934794391942,4.35059184368654,0,0.000885,0,0
0:0:37.740,34.2513063199942,4.36438135824656,0,0.000885,0,0
0:0:37.839,34.5448889455941,4.39885514464662,0,0.000885,0,0
0:0:37.940,34.5448889455941,4.39885514464662,0,0.000885,0,0
0:0:38.042,35.305534839194,4.49538174656676,0,0.000885,0,0
0:0:38.142,35.541290583994,4.5229607756868,0,0.000885,0,0
0:0:38.244,35.483463703194,4.51606601840679,0,0.000885,0,0
0:0:38.346,35.483463703194,4.51606601840679,0,0.000885,0,0
0:0:38.447,35.6613925671939,4.54364504752683,0,0.000885,0,0
0:0:38.549,36.2441095967938,4.61259262032694,0,0.000885,0,0
0:0:38.651,36.7734479671938,4.68154019312704,0,0.000885,0,0
0:0:38.752,36.7734479671938,4.68154019312704,0,0.000885,0,0
0:0:38.853,36.8891017287937,4.69532970768706,0,0.000885,0,0
0:0:38.953,36.7734479671938,4.68154019312704,0,0.000885,0,0
0:0:39.055,36.9513768311937,4.70222446496707,0,0.000885,0,0
0:0:39.155,36.9513768311937,4.70222446496707,0,0.000885,0,0
0:0:39.256,37.3606132183937,4.75738252320716,0,0.000885,0,0
0:0:39.358,37.7698496055936,4.81254058144724,0,0.000885,0,0
0:0:39.460,38.0056053503935,4.84011961056728,0,0.000885,0,0
0:0:39.560,38.0056053503935,4.84011961056728,0,0.000885,0,0
0:0:39.660,38.1835342143935,4.86080388240731,0,0.000885,0,0
0:0:39.756,38.3570148567935,4.88148815424734,0,0.000885,0,0
0:0:39.856,39.0598338695934,4.97111999888748,0,0.000885,0,0
0:0:39.957,39.0598338695934,4.97111999888748,0,0.000885,0,0
0:0:40.058,39.0598338695934,4.97111999888748,0,0.000885,0,0
0:0:40.159,39.5891722399933,5.04006757168758,0,0.000885,0,0
0:0:40.256,39.9405817463932,5.08833087264765,0,0.000885,0,0
0:0:40.354,39.9405817463932,5.08833087264765,0,0.000885,0,0
0:0:40.455,40.2919912527932,5.12969941632772,0,0.000885,0,0
0:0:40.555,40.5277469975931,5.15727844544776,0,0.000885,0,0
0:0:40.655,40.4699201167931,5.15038368816775,0,0.000885,0,0
0:0:40.753,40.4699201167931,5.15038368816775,0,0.000885,0,0
0:0:40.851,40.5277469975931,5.15727844544776,0,0.000885,0,0
0:0:40.952,40.9369833847931,5.21243650368784,0,0.000885,0,0
0:0:41.052,40.9369833847931,5.21243650368784,0,0.000885,0,0
0:0:41.153,41.172739129593,5.24001553280788,0,0.000885,0,0
0:0:41.251,41.172739129593,5.24001553280788,0,0.000885,0,0
0:0:41.349,41.230566010393,5.24691029008789,0,0.000885,0,0
0:0:41.450,41.230566010393,5.24691029008789,0,0.000885,0,0
0:0:41.551,41.8755581423929,5.32964737744802,0,0.000885,0,0
0:0:41.652,41.9956601255929,5.34343689200804,0,0.000885,0,0
0:0:41.748,42.3470696319928,5.39170019296811,0,0.000885,0,0
0:0:41.846,42.3470696319928,5.39170019296811,0,0.000885,0,0
0:0:41.947,42.5783771551928,5.41927922208815,0,0.000885,0,0
0:0:42.048,42.6406522575928,5.42617397936816,0,0.000885,0,0
0:0:42.149,43.2856443895926,5.50891106672829,0,0.000885,0,0
0:0:42.248,43.2856443895926,5.50891106672829,0,0.000885,0,0
0:0:42.346,43.8105345383926,5.57785863952839,0,0.000885,0,0
0:0:42.445,44.0462902831925,5.60543766864843,0,0.000885,0,0
0:0:42.545,44.0462902831925,5.60543766864843,0,0.000885,0,0
0:0:42.647,43.9306365215925,5.59164815408841,0,0.000885,0,0
0:0:42.745,44.2820460279925,5.63991145504848,0,0.000885,0,0
0:0:42.843,44.5178017727924,5.66749048416852,0,0.000885,0,0
0:0:42.943,44.5178017727924,5.66749048416852,0,0.000885,0,0
0:0:43.045,44.7491092959924,5.69506951328857,0,0.000885,0,0
0:0:43.144,45.1627939047923,5.75022757152865,0,0.000885,0,0
0:0:43.245,45.4519283087923,5.7847013579287,0,0.000885,0,0
0:0:43.346,45.4519283087923,5.7847013579287,0,0.000885,0,0
0:0:43.449,45.8077860367922,5.83296465888877,0,0.000885,0,0
0:0:43.550,45.8656129175922,5.83985941616878,0,0.000885,0,0
0:0:43.653,46.0390935599922,5.86054368800881,0,0.000885,0,0
0:0:43.753,46.0390935599922,5.86054368800881,0,0.000885,0,0
0:0:43.855,46.3905030663921,5.90880698896889,0,0.000885,0,0
0:0:43.955,46.7463607943921,5.95017553264895,0,0.000885,0,0
0:0:44.058,46.862014555992,5.96396504720897,0,0.000885,0,0
0:0:44.158,46.862014555992,5.96396504720897,0,0.000885,0,0
0:0:44.260,47.5070066879919,6.04670213456909,0,0.000885,0,0
0:0:44.360,47.9740699559919,6.10875495008919,0,0.000885,0,0
0:0:44.459,47.5070066879919,6.04670213456909,0,0.000885,0,0
0:0:44.561,47.5070066879919,6.04670213456909,0,0.000885,0,0
0:0:44.661,47.5648335687919,6.0535968918491,0,0.000885,0,0
0:0:44.762,48.0941719391918,6.12254446464921,0,0.000885,0,0
0:0:44.861,48.3877545647918,6.16391300832927,0,0.000885,0,0
0:0:44.960,48.3877545647918,6.16391300832927,0,0.000885,0,0
0:0:45.062,48.9749198159917,6.23286058112937,0,0.000885,0,0
0:0:45.163,48.7969909519917,6.21217630928934,0,0.000885,0,0
0:0:45.262,48.6813371903917,6.19838679472932,0,0.000885,0,0
0:0:45.357,48.6813371903917,6.19838679472932,0,0.000885,0,0
0:0:45.456,49.2685024415916,6.27422912480944,0,0.000885,0,0
0:0:45.559,49.7355657095916,6.32938718304952,0,0.000885,0,0
0:0:45.660,50.0869752159915,6.37765048400959,0,0.000885,0,0
0:0:45.759,50.0869752159915,6.37765048400959,0,0.000885,0,0
0:0:45.856,50.3805578415914,6.41212427040964,0,0.000885,0,0
0:0:45.955,50.3805578415914,6.41212427040964,0,0.000885,0,0
0:0:46.055,50.3805578415914,6.41212427040964,0,0.000885,0,0
0:0:46.158,50.4962116031914,6.43280854224968,0,0.000885,0,0
0:0:46.255,51.0255499735913,6.49486135776977,0,0.000885,0,0
0:0:46.353,51.2034788375913,6.52244038688981,0,0.000885,0,0
0:0:46.451,51.2034788375913,6.52244038688981,0,0.000885,0,0
0:0:46.554,51.3191325991913,6.53622990144983,0,0.000885,0,0
0:0:46.654,51.6705421055912,6.57759844512989,0,0.000885,0,0
0:0:46.754,52.2577073567911,6.65344077521001,0,0.000885,0,0
0:0:46.850,52.2577073567911,6.65344077521001,0,0.000885,0,0
0:0:46.949,52.2577073567911,6.65344077521001,0,0.000885,0,0
0:0:47.050,53.018353250391,6.74996737713015,0,0.000885,0,0
0:0:47.152,53.196282114391,6.77065164897018,0,0.000885,0,0
0:0:47.251,53.196282114391,6.77065164897018,0,0.000885,0,0
0:0:47.350,53.5476916207909,6.81891494993026,0,0.000885,0,0
0:0:47.448,53.7256204847909,6.83959922177029,0,0.000885,0,0
0:0:47.550,53.7834473655909,6.8464939790503,0,0.000885,0,0
0:0:47.651,53.7834473655909,6.8464939790503,0,0.000885,0,0
0:0:47.751,54.6641952423907,6.95681009553046,0,0.000885,0,0
0:0:47.849,54.6019201399907,6.94991533825045,0,0.000885,0,0
0:0:47.945,54.6019201399907,6.94991533825045,0,0.000885,0,0
0:0:48.045,54.5440932591907,6.94302058097044,0,0.000885,0,0
0:0:48.147,54.8376758847907,6.98438912465051,0,0.000885,0,0
0:0:48.248,54.9533296463907,6.99817863921053,0,0.000885,0,0
0:0:48.349,54.9533296463907,6.99817863921053,0,0.000885,0,0
0:0:48.451,55.4248411359906,7.06023145473062,0,0.000885,0,0
0:0:48.554,55.5404948975906,7.07402096929064,0,0.000885,0,0
0:0:48.654,56.0120063871905,7.12917902753072,0,0.000885,0,0
0:0:48.755,56.0120063871905,7.12917902753072,0,0.000885,0,0
0:0:48.858,56.3634158935904,7.1774423284908,0,0.000885,0,0
0:0:48.959,56.5368965359904,7.19812660033083,0,0.000885,0,0
0:0:49.060,56.5991716383904,7.20502135761084,0,0.000885,0,0
0:0:49.161,56.5991716383904,7.20502135761084,0,0.000885,0,0
0:0:49.262,57.0084080255903,7.26017941585092,0,0.000885,0,0
0:0:49.363,57.0662349063903,7.26707417313093,0,0.000885,0,0
0:0:49.464,57.4754712935902,7.315337474091,0,0.000885,0,0
0:0:49.564,57.4754712935902,7.315337474091,0,0.000885,0,0
0:0:49.664,57.4754712935902,7.315337474091,0,0.000885,0,0
0:0:49.766,57.8891559023902,7.37049553233109,0,0.000885,0,0
0:0:49.865,58.0626365447901,7.39117980417112,0,0.000885,0,0
0:0:49.963,58.0626365447901,7.39117980417112,0,0.000885,0,0
0:0:50.064,58.76990377919,7.48081164881125,0,0.000885,0,0
0:0:50.165,59.00121130239,7.5152854352113,0,0.000885,0,0
0:0:50.265,58.88555754079,7.49460116337127,0,0.000885,0,0
0:0:50.362,58.88555754079,7.49460116337127,0,0.000885,0,0
0:0:50.460,59.3526208087899,7.55665397889137,0,0.000885,0,0
0:0:50.561,59.7040303151899,7.60491727985144,0,0.000885,0,0
0:0:50.662,59.9397860599898,7.63249630897148,0,0.000885,0,0
0:0:50.762,59.9397860599898,7.63249630897148,0,0.000885,0,0
0:0:50.862,60.1177149239898,7.65318058081151,0,0.000885,0,0
0:0:50.960,60.4112975495897,7.69454912449157,0,0.000885,0,0
0:0:51.059,60.4112975495897,7.69454912449157,0,0.000885,0,0
0:0:51.161,60.8205339367897,7.74281242545165,0,0.000885,0,0
0:0:51.262,61.2875972047896,7.80486524097174,0,0.000885,0,0
0:0:51.360,61.8169355751895,7.87381281377184,0,0.000885,0,0
0:0:51.456,61.8169355751895,7.87381281377184,0,0.000885,0,0
0:0:51.556,61.8747624559895,7.88070757105185,0,0.000885,0,0
0:0:51.659,61.9370375583895,7.88760232833186,0,0.000885,0,0
0:0:51.760,61.9948644391895,7.89449708561187,0,0.000885,0,0
0:0:51.859,61.9948644391895,7.89449708561187,0,0.000885,0,0
0:0:51.956,62.3462739455894,7.93586562929194,0,0.000885,0,0
0:0:52.056,62.5197545879894,7.96344465841198,0,0.000885,0,0
0:0:52.158,62.8711640943893,8.00481320209204,0,0.000885,0,0
0:0:52.259,62.8711640943893,8.00481320209204,0,0.000885,0,0
0:0:52.356,63.2270218223893,8.05307650305211,0,0.000885,0,0
0:0:52.453,63.5784313287892,8.09444504673217,0,0.000885,0,0
0:0:52.553,63.4583293455892,8.08065553217215,0,0.000885,0,0
0:0:52.654,63.4583293455892,8.08065553217215,0,0.000885,0,0
0:0:52.755,63.8097388519892,8.12202407585222,0,0.000885,0,0
0:0:52.855,64.0454945967891,8.15649786225227,0,0.000885,0,0
0:0:52.952,64.0454945967891,8.15649786225227,0,0.000885,0,0
0:0:53.051,64.517006086389,8.21165592049235,0,0.000885,0,0
0:0:53.152,65.104171337589,8.28749825057247,0,0.000885,0,0
0:0:53.254,65.041896235189,8.28060349329246,0,0.000885,0,0
0:0:53.353,65.041896235189,8.28060349329246,0,0.000885,0,0
0:0:53.455,65.104171337589,8.28749825057247,0,0.000885,0,0
0:0:53.559,65.5134077247889,8.34265630881255,0,0.000885,0,0
0:0:53.660,65.8069903503888,8.3771300952126,0,0.000885,0,0
0:0:53.761,65.8069903503888,8.3771300952126,0,0.000885,0,0
0:0:53.862,65.9804709927888,8.39781436705263,0,0.000885,0,0
0:0:53.963,66.4519824823887,8.45986718257272,0,0.000885,0,0
0:0:54.064,66.4519824823887,8.45986718257272,0,0.000885,0,0
0:0:54.164,66.4519824823887,8.45986718257272,0,0.000885,0,0
0:0:54.266,66.8612188695886,8.51502524081281,0,0.000885,0,0
0:0:54.366,67.1548014951886,8.54949902721286,0,0.000885,0,0
0:0:54.467,67.6218647631885,8.61155184273295,0,0.000885,0,0
0:0:54.568,67.6218647631885,8.61155184273295,0,0.000885,0,0
0:0:54.669,67.2126283759886,8.55639378449287,0,0.000885,0,0
0:0:54.769,67.5062110015885,8.59776232817293,0,0.000885,0,0
0:0:54.870,67.7997936271885,8.63223611457298,0,0.000885,0,0
0:0:54.967,67.7997936271885,8.63223611457298,0,0.000885,0,0
0:0:55.065,67.7997936271885,8.63223611457298,0,0.000885,0,0
0:0:55.166,68.2090300143884,8.68739417281307,0,0.000885,0,0
0:0:55.268,68.6227146231883,8.73565747377314,0,0.000885,0,0
0:0:55.366,68.6227146231883,8.73565747377314,0,0.000885,0,0
0:0:55.464,68.7961952655883,8.75634174561317,0,0.000885,0,0
0:0:55.561,69.2677067551882,8.81839456113326,0,0.000885,0,0
0:0:55.662,69.2677067551882,8.81839456113326,0,0.000885,0,0
0:0:55.763,69.7347700231882,8.88044737665336,0,0.000885,0,0
0:0:55.864,70.2641083935881,8.94939494945346,0,0.000885,0,0
0:0:55.963,70.731171661588,9.00455300769354,0,0.000885,0,0
0:0:56.059,70.731171661588,9.00455300769354,0,0.000885,0,0
0:0:56.159,70.557691019188,8.98386873585351,0,0.000885,0,0
0:0:56.261,70.9669274063879,9.0390267940936,0,0.000885,0,0
0:0:56.362,71.2605100319879,9.07350058049365,0,0.000885,0,0
0:0:56.460,71.2605100319879,9.07350058049365,0,0.000885,0,0
0:0:56.558,71.5540926575878,9.1079743668937,0,0.000885,0,0
0:0:56.658,71.8476752831878,9.14934291057376,0,0.000885,0,0
0:0:56.760,72.1412579087878,9.18381669697381,0,0.000885,0,0
0:0:56.861,72.1412579087878,9.18381669697381,0,0.000885,0,0
0:0:56.961,72.3147385511877,9.20450096881384,0,0.000885,0,0
0:0:57.056,72.2569116703877,9.19760621153383,0,0.000885,0,0
0:0:57.155,72.9019038023876,9.28034329889396,0,0.000885,0,0
0:0:57.258,72.9019038023876,9.28034329889396,0,0.000885,0,0
0:0:57.359,73.0220057855876,9.29413281345398,0,0.000885,0,0
0:0:57.458,73.2533133087876,9.32860659985403,0,0.000885,0,0
0:0:57.555,73.2533133087876,9.32860659985403,0,0.000885,0,0
0:0:57.654,73.4312421727875,9.34929087169406,0,0.000885,0,0
0:0:57.756,73.6669979175875,9.3768699008141,0,0.000885,0,0
0:0:57.855,73.7248247983875,9.38376465809411,0,0.000885,0,0
0:0:57.955,73.7248247983875,9.38376465809411,0,0.000885,0,0
0:0:58.053,74.0184074239874,9.42513320177418,0,0.000885,0,0
0:0:58.151,74.3119900495874,9.45960698817423,0,0.000885,0,0
0:0:58.252,74.3119900495874,9.45960698817423,0,0.000885,0,0
0:0:58.354,74.3119900495874,9.45960698817423,0,0.000885,0,0
0:0:58.454,74.8368801983873,9.52855456097433,0,0.000885,0,0
0:0:58.555,75.1882897047872,9.5768178619344,0,0.000885,0,0
0:0:58.658,75.7176280751871,9.6388706774545,0,0.000885,0,0
0:0:58.760,75.7176280751871,9.6388706774545,0,0.000885,0,0
0:0:58.862,75.9533838199871,9.67334446385455,0,0.000885,0,0
0:0:58.964,76.362620207187,9.72160776481462,0,0.000885,0,0
0:0:59.065,76.420447087987,9.72850252209463,0,0.000885,0,0
0:0:59.164,76.420447087987,9.72850252209463,0,0.000885,0,0
0:0:59.265,76.656202832787,9.76297630849468,0,0.000885,0,0
0:0:59.367,76.834131696787,9.78366058033471,0,0.000885,0,0
0:0:59.467,77.0654392199869,9.81123960945476,0,0.000885,0,0
0:0:59.568,77.0654392199869,9.81123960945476,0,0.000885,0,0
0:0:59.669,77.4168487263868,9.85950291041483,0,0.000885,0,0
0:0:59.771,77.9461870967868,9.92155572593492,0,0.000885,0,0
0:0:59.872,78.1819428415867,9.95602951233497,0,0.000885,0,0
0:0:59.972,78.1819428415867,9.95602951233497,0,0.000885,0,0
0:1:0.070,78.4176985863867,9.98360854145502,0,0.000885,0,0
0:1:0.168,78.2975966031867,9.969819026895,0,0.000885,0,0
0:1:0.268,78.8847618543866,10.0456613569751,0,0.000885,0,0
0:1:0.370,78.8847618543866,10.0456613569751,0,0.000885,0,0
0:1:0.470,79.0626907183866,10.0663456288151,0,0.000885,0,0
0:1:0.569,79.5875808671865,10.1352932016152,0,0.000885,0,0
0:1:0.666,79.5875808671865,10.1352932016152,0,0.000885,0,0
0:1:0.765,79.8233366119864,10.1628722307353,0,0.000885,0,0
0:1:0.866,80.0590923567864,10.1904512598553,0,0.000885,0,0
0:1:0.968,80.2903998799864,10.2249250462554,0,0.000885,0,0
0:1:1.066,80.2903998799864,10.2249250462554,0,0.000885,0,0
0:1:1.165,80.3526749823863,10.2318198035354,0,0.000885,0,0
0:1:1.265,80.5261556247863,10.2525040753754,0,0.000885,0,0
0:1:1.366,80.9398402335863,10.3076621336155,0,0.000885,0,0
0:1:1.467,80.9398402335863,10.3076621336155,0,0.000885,0,0
0:1:1.564,80.8775651311863,10.3007673763355,0,0.000885,0,0
0:1:1.661,80.9976671143862,10.3145568908955,0,0.000885,0,0
0:1:1.760,81.5225572631862,10.3766097064156,0,0.000885,0,0
0:1:1.862,81.5225572631862,10.3766097064156,0,0.000885,0,0
0:1:1.962,81.5848323655862,10.3903992209756,0,0.000885,0,0
0:1:2.062,81.9362418719861,10.4317677646557,0,0.000885,0,0
0:1:2.160,82.345478259186,10.4869258228958,0,0.000885,0,0
0:1:2.259,82.345478259186,10.4869258228958,0,0.000885,0,0
0:1:2.360,82.696887765586,10.5282943665758,0,0.000885,0,0
0:1:2.462,82.9326435103859,10.5558733956959,0,0.000885,0,0
0:1:2.561,82.9326435103859,10.5558733956959,0,0.000885,0,0
0:1:2.659,83.1683992551859,10.5903471820959,0,0.000885,0,0
0:1:2.756,83.6354625231858,10.645505240336,0,0.000885,0,0
0:1:2.856,83.8712182679858,10.6799790267361,0,0.000885,0,0
0:1:2.958,83.8712182679858,10.6799790267361,0,0.000885,0,0
0:1:3.059,83.8712182679858,10.6799790267361,0,0.000885,0,0
0:1:3.160,84.3961084167857,10.7489265995362,0,0.000885,0,0
0:1:3.262,84.7519661447856,10.7902951432162,0,0.000885,0,0
0:1:3.363,84.7519661447856,10.7902951432162,0,0.000885,0,0
0:1:3.465,85.1033756511855,10.8385584441763,0,0.000885,0,0
0:1:3.566,84.8676199063856,10.8040846577762,0,0.000885,0,0
0:1:3.668,85.2190294127855,10.8523479587363,0,0.000885,0,0
0:1:3.769,85.2190294127855,10.8523479587363,0,0.000885,0,0
0:1:3.870,85.5704389191855,10.8937165024164,0,0.000885,0,0
0:1:3.971,85.9796753063854,10.9488745606565,0,0.000885,0,0
0:1:4.073,86.3933599151853,10.9971378616165,0,0.000885,0,0
0:1:4.173,86.3933599151853,10.9971378616165,0,0.000885,0,0
0:1:4.274,86.3933599151853,10.9971378616165,0,0.000885,0,0
0:1:4.374,86.7447694215853,11.0454011625766,0,0.000885,0,0
0:1:4.476,87.2118326895852,11.1074539780967,0,0.000885,0,0
0:1:4.577,87.2118326895852,11.1074539780967,0,0.000885,0,0
0:1:4.676,87.7411710599851,11.1695067936168,0,0.000885,0,0
0:1:4.774,87.6833441791851,11.1626120363368,0,0.000885,0,0
0:1:4.874,87.6255172983851,11.1557172790568,0,0.000885,0,0
0:1:4.973,87.6255172983851,11.1557172790568,0,0.000885,0,0
0:1:5.074,87.9769268047851,11.2039805800169,0,0.000885,0,0
0:1:5.172,88.034753685585,11.2108753372969,0,0.000885,0,0
0:1:5.270,88.034753685585,11.2108753372969,0,0.000885,0,0
0:1:5.370,88.443990072785,11.2591386382569,0,0.000885,0,0
0:1:5.470,88.501816953585,11.2660333955369,0,0.000885,0,0
0:1:5.571,89.0889822047849,11.3418757256171,0,0.000885,0,0
0:1:5.671,89.0889822047849,11.3418757256171,0,0.000885,0,0
0:1:5.769,89.5604936943848,11.4039285411372,0,0.000885,0,0
0:1:5.868,89.6761474559848,11.4177180556972,0,0.000885,0,0
0:1:5.968,89.6183205751848,11.4108232984172,0,0.000885,0,0
0:1:6.069,89.6183205751848,11.4108232984172,0,0.000885,0,0
0:1:6.168,89.9119032007847,11.4452970848172,0,0.000885,0,0
0:1:6.266,90.3211395879846,11.5004551430573,0,0.000885,0,0
0:1:6.365,90.5568953327846,11.5280341721773,0,0.000885,0,0
0:1:6.465,90.5568953327846,11.5280341721773,0,0.000885,0,0
0:1:6.566,91.4376432095845,11.6452450459375,0,0.000885,0,0
0:1:6.667,91.2597143455845,11.6176660168175,0,0.000885,0,0
0:1:6.765,91.6689507327844,11.6728240750576,0,0.000885,0,0
0:1:6.862,91.6689507327844,11.6728240750576,0,0.000885,0,0
0:1:6.963,91.9047064775844,11.7004031041776,0,0.000885,0,0
0:1:7.064,92.2561159839843,11.7486664051377,0,0.000885,0,0
0:1:7.165,92.2561159839843,11.7486664051377,0,0.000885,0,0
0:1:7.262,92.3139428647843,11.7555611624177,0,0.000885,0,0
0:1:7.359,92.6075254903843,11.7900349488177,0,0.000885,0,0
0:1:7.460,92.9589349967842,11.8382982497778,0,0.000885,0,0
0:1:7.560,92.9589349967842,11.8382982497778,0,0.000885,0,0
0:1:7.662,93.5461002479841,11.9141405798579,0,0.000885,0,0
0:1:7.762,93.7240291119841,11.934824851698,0,0.000885,0,0
0:1:7.860,93.6662022311841,11.9279300944179,0,0.000885,0,0
0:1:7.958,93.6662022311841,11.9279300944179,0,0.000885,0,0
0:1:8.060,93.959784856784,11.962403880818,0,0.000885,0,0
0:1:8.160,94.484675005584,12.0313514536181,0,0.000885,0,0
0:1:8.260,95.1874940183838,12.1209832982582,0,0.000885,0,0
0:1:8.362,95.1874940183838,12.1209832982582,0,0.000885,0,0
0:1:8.464,95.1874940183838,12.1209832982582,0,0.000885,0,0
0:1:8.566,95.0718402567838,12.1071937836982,0,0.000885,0,0
0:1:8.666,95.3075960015838,12.1347728128183,0,0.000885,0,0
0:1:8.767,95.3075960015838,12.1347728128183,0,0.000885,0,0
0:1:8.869,95.3654228823838,12.1416675700983,0,0.000885,0,0
0:1:8.970,95.7746592695837,12.1968256283383,0,0.000885,0,0
0:1:9.071,96.0104150143837,12.2244046574584,0,0.000885,0,0
0:1:9.172,96.0104150143837,12.2244046574584,0,0.000885,0,0
0:1:9.271,96.1260687759837,12.2381941720184,0,0.000885,0,0
0:1:9.373,96.7132340271836,12.3140365020985,0,0.000885,0,0
0:1:9.473,96.6554071463836,12.3071417448185,0,0.000885,0,0
0:1:9.575,96.6554071463836,12.3071417448185,0,0.000885,0,0
0:1:9.675,96.8911628911835,12.3347207739386,0,0.000885,0,0
0:1:9.776,97.5939819039834,12.4243526185787,0,0.000885,0,0
0:1:9.874,97.4205012615835,12.4036683467387,0,0.000885,0,0
0:1:9.971,97.4205012615835,12.4036683467387,0,0.000885,0,0
0:1:10.071,97.5939819039834,12.4243526185787,0,0.000885,0,0
0:1:10.173,97.8875645295834,12.4657211622587,0,0.000885,0,0
0:1:10.273,97.8875645295834,12.4657211622587,0,0.000885,0,0
0:1:10.371,98.0654933935833,12.4864054340988,0,0.000885,0,0
0:1:10.469,98.5325566615833,12.5484582496189,0,0.000885,0,0
0:1:10.570,98.9417930487832,12.5967215505789,0,0.000885,0,0
0:1:10.671,98.9417930487832,12.5967215505789,0,0.000885,0,0
0:1:10.772,99.0618950319832,12.610511065139,0,0.000885,0,0
0:1:10.870,99.2932025551831,12.644984851539,0,0.000885,0,0
0:1:10.967,99.6490602831831,12.6863533952191,0,0.000885,0,0
0:1:11.066,99.6490602831831,12.6863533952191,0,0.000885,0,0
0:1:11.168,99.822540925583,12.7070376670591,0,0.000885,0,0
0:1:11.269,100.351879295983,12.7759852398592,0,0.000885,0,0
0:1:11.367,100.703288802383,12.8242485408193,0,0.000885,0,0
0:1:11.465,100.703288802383,12.8242485408193,0,0.000885,0,0
0:1:11.564,100.996871427983,12.8587223272193,0,0.000885,0,0
0:1:11.664,100.996871427983,12.8587223272193,0,0.000885,0,0
0:1:11.766,101.521761576783,12.9276699000194,0,0.000885,0,0
0:1:11.865,101.521761576783,12.9276699000194,0,0.000885,0,0
0:1:11.963,101.993273066383,12.9828279582595,0,0.000885,0,0
0:1:12.062,101.877619304783,12.9690384436995,0,0.000885,0,0
0:1:12.163,101.877619304783,12.9690384436995,0,0.000885,0,0
0:1:12.262,101.935446185583,12.9759332009795,0,0.000885,0,0
0:1:12.362,102.402509453583,13.0379860164996,0,0.000885,0,0
0:1:12.459,102.344682572783,13.0310912592196,0,0.000885,0,0
0:1:12.558,102.344682572783,13.0310912592196,0,0.000885,0,0
0:1:12.659,102.696092079183,13.0724598028997,0,0.000885,0,0
0:1:12.761,103.167603568782,13.1345126184198,0,0.000885,0,0
0:1:12.861,103.576839955982,13.1896706766598,0,0.000885,0,0
0:1:12.958,103.576839955982,13.1896706766598,0,0.000885,0,0
0:1:13.055,103.812595700782,13.2172497057799,0,0.000885,0,0
0:1:13.156,104.106178326382,13.2517234921799,0,0.000885,0,0
0:1:13.258,104.399760951982,13.29309203586,0,0.000885,0,0
0:1:13.359,104.399760951982,13.29309203586,0,0.000885,0,0
0:1:13.460,104.164005207182,13.26551300674,0,0.000885,0,0
0:1:13.562,104.808997339182,13.3413553368201,0,0.000885,0,0
0:1:13.665,104.982477981582,13.3689343659401,0,0.000885,0,0
0:1:13.765,104.982477981582,13.3689343659401,0,0.000885,0,0
0:1:13.868,105.569643232782,13.4447766960202,0,0.000885,0,0
0:1:13.968,105.805398977582,13.4723557251403,0,0.000885,0,0
0:1:14.069,105.921052739182,13.4861452397003,0,0.000885,0,0
0:1:14.169,105.921052739182,13.4861452397003,0,0.000885,0,0
0:1:14.271,106.098981603182,13.5068295115403,0,0.000885,0,0
0:1:14.371,106.156808483982,13.5137242688203,0,0.000885,0,0
0:1:14.472,106.156808483982,13.5137242688203,0,0.000885,0,0
0:1:14.573,106.450391109582,13.5550928125004,0,0.000885,0,0
0:1:14.673,107.095383241582,13.6378298998605,0,0.000885,0,0
0:1:14.776,107.331138986382,13.6654089289806,0,0.000885,0,0
0:1:14.876,107.331138986382,13.6654089289806,0,0.000885,0,0
0:1:14.974,107.740375373582,13.7205669872206,0,0.000885,0,0
0:1:15.074,107.856029135182,13.7343565017807,0,0.000885,0,0
0:1:15.174,108.149611760782,13.7688302881807,0,0.000885,0,0
0:1:15.276,108.149611760782,13.7688302881807,0,0.000885,0,0
0:1:15.375,108.505469488782,13.8170935891408,0,0.000885,0,0
0:1:15.474,108.621123250382,13.8308831037008,0,0.000885,0,0
0:1:15.572,108.736777011982,13.8446726182608,0,0.000885,0,0
0:1:15.672,108.736777011982,13.8446726182608,0,0.000885,0,0
0:1:15.772,108.678950131182,13.8377778609808,0,0.000885,0,0
0:1:15.874,109.030359637581,13.8791464046609,0,0.000885,0,0
0:1:15.972,109.323942263181,13.9205149483409,0,0.000885,0,0
0:1:16.070,109.323942263181,13.9205149483409,0,0.000885,0,0
0:1:16.169,109.559698007981,13.948093977461,0,0.000885,0,0
0:1:16.271,109.853280633581,13.989462521141,0,0.000885,0,0
0:1:16.372,110.026761275981,14.0101467929811,0,0.000885,0,0
0:1:16.471,110.026761275981,14.0101467929811,0,0.000885,0,0
0:1:16.569,110.613926527181,14.0859891230612,0,0.000885,0,0
0:1:16.665,110.498272765581,14.0721996085012,0,0.000885,0,0
0:1:16.766,110.498272765581,14.0721996085012,0,0.000885,0,0
0:1:16.868,111.201091778381,14.1618314531413,0,0.000885,0,0
0:1:16.969,111.552501284781,14.2031999968214,0,0.000885,0,0
0:1:17.066,111.788257029581,14.2307790259414,0,0.000885,0,0
0:1:17.165,111.788257029581,14.2307790259414,0,0.000885,0,0
0:1:17.266,112.491076042381,14.3204108705815,0,0.000885,0,0
0:1:17.367,112.548902923181,14.3273056278615,0,0.000885,0,0
0:1:17.468,112.726831787181,14.3548846569816,0,0.000885,0,0
0:1:17.565,112.726831787181,14.3548846569816,0,0.000885,0,0
0:1:17.662,112.900312429581,14.3755689288216,0,0.000885,0,0
0:1:17.762,113.078241293581,14.3962532006617,0,0.000885,0,0
0:1:17.864,113.193895055181,14.4100427152217,0,0.000885,0,0
0:1:17.964,113.193895055181,14.4100427152217,0,0.000885,0,0
0:1:18.062,113.665406544781,14.4720955307418,0,0.000885,0,0
0:1:18.161,113.545304561581,14.4583060161817,0,0.000885,0,0
0:1:18.261,113.958989170381,14.5065693171418,0,0.000885,0,0
0:1:18.362,113.958989170381,14.5065693171418,0,0.000885,0,0
0:1:18.464,114.483879319181,14.5755168899419,0,0.000885,0,0
0:1:18.564,114.719635063981,14.609990676342,0,0.000885,0,0
0:1:18.666,114.661808183181,14.596201161782,0,0.000885,0,0
0:1:18.766,114.661808183181,14.596201161782,0,0.000885,0,0
0:1:18.868,114.95539080878,14.637569705462,0,0.000885,0,0
0:1:18.970,115.48472917918,14.7065172782621,0,0.000885,0,0
0:1:19.072,115.83613868558,14.7478858219422,0,0.000885,0,0
0:1:19.172,115.83613868558,14.7478858219422,0,0.000885,0,0
0:1:19.274,116.00961932798,14.7685700937822,0,0.000885,0,0
0:1:19.374,115.89396556638,14.7547805792222,0,0.000885,0,0
0:1:19.476,116.36102883438,14.8168333947423,0,0.000885,0,0
0:1:19.576,116.36102883438,14.8168333947423,0,0.000885,0,0
0:1:19.677,116.42330393678,14.8237281520223,0,0.000885,0,0
0:1:19.778,116.48113081758,14.8306229093023,0,0.000885,0,0
0:1:19.880,116.83254032398,14.8788862102624,0,0.000885,0,0
0:1:19.980,116.83254032398,14.8788862102624,0,0.000885,0,0
0:1:20.079,117.06829606878,14.9064652393824,0,0.000885,0,0
0:1:20.177,117.77111508158,14.9960970840226,0,0.000885,0,0
0:1:20.275,117.77111508158,14.9960970840226,0,0.000885,0,0
0:1:20.375,117.88676884318,15.0098865985826,0,0.000885,0,0
0:1:20.477,118.06469770718,15.0305708704226,0,0.000885,0,0
0:1:20.578,118.29600523038,15.0650446568227,0,0.000885,0,0
0:1:20.675,118.29600523038,15.0650446568227,0,0.000885,0,0
0:1:20.772,119.17675310718,15.1753607733028,0,0.000885,0,0
0:1:20.874,119.29685509038,15.1891502878628,0,0.000885,0,0
0:1:20.974,119.35468197118,15.1960450451429,0,0.000885,0,0
0:1:21.075,119.35468197118,15.1960450451429,0,0.000885,0,0
0:1:21.172,119.82174523918,15.2580978606629,0,0.000885,0,0
0:1:21.269,120.17315474558,15.299466404343,0,0.000885,0,0
0:1:21.370,120.40891049038,15.3339401907431,0,0.000885,0,0
0:1:21.470,120.40891049038,15.3339401907431,0,0.000885,0,0
0:1:21.571,120.880421979979,15.3890982489831,0,0.000885,0,0
0:1:21.671,120.938248860779,15.3959930062632,0,0.000885,0,0
0:1:21.769,120.938248860779,15.3959930062632,0,0.000885,0,0
0:1:21.867,121.463139009579,15.4649405790633,0,0.000885,0,0
0:1:21.969,121.525414111979,15.4718353363433,0,0.000885,0,0
0:1:22.070,122.228233124779,15.5614671809834,0,0.000885,0,0
0:1:22.168,122.228233124779,15.5614671809834,0,0.000885,0,0
0:1:22.266,122.343886886379,15.5752566955434,0,0.000885,0,0
0:1:22.366,122.637469511979,15.6166252392235,0,0.000885,0,0
0:1:22.468,123.166807882379,15.6786780547436,0,0.000885,0,0
0:1:22.566,123.166807882379,15.6786780547436,0,0.000885,0,0
0:1:22.666,122.637469511979,15.6166252392235,0,0.000885,0,0
0:1:22.764,122.637469511979,15.6166252392235,0,0.000885,0,0
0:1:22.862,122.988879018379,15.6579937829036,0,0.000885,0,0
0:1:22.964,122.988879018379,15.6579937829036,0,0.000885,0,0
0:1:23.064,123.282461643979,15.6993623265836,0,0.000885,0,0
0:1:23.165,123.691698031179,15.7476256275437,0,0.000885,0,0
0:1:23.265,123.518217388779,15.7269413557037,0,0.000885,0,0
0:1:23.368,123.518217388779,15.7269413557037,0,0.000885,0,0
0:1:23.469,123.927453775979,15.7820994139437,0,0.000885,0,0
0:1:23.572,124.456792146379,15.8441522294638,0,0.000885,0,0
0:1:23.672,124.630272788779,15.8717312585839,0,0.000885,0,0
0:1:23.774,124.630272788779,15.8717312585839,0,0.000885,0,0
0:1:23.874,125.101784278379,15.926889316824,0,0.000885,0,0
0:1:23.975,124.866028533579,15.8993102877039,0,0.000885,0,0
0:1:24.076,125.395366903979,15.968257860504,0,0.000885,0,0
0:1:24.176,125.395366903979,15.968257860504,0,0.000885,0,0
0:1:24.277,125.804603291179,16.0165211614641,0,0.000885,0,0
0:1:24.378,125.631122648779,15.9958368896241,0,0.000885,0,0
0:1:24.479,126.213839678379,16.0716792197042,0,0.000885,0,0
0:1:24.580,126.213839678379,16.0716792197042,0,0.000885,0,0
0:1:24.681,126.507422303979,16.1061530061042,0,0.000885,0,0
0:1:24.780,126.333941661579,16.0854687342642,0,0.000885,0,0
0:1:24.876,126.333941661579,16.0854687342642,0,0.000885,0,0
0:1:24.976,126.743178048778,16.1406267925043,0,0.000885,0,0
0:1:25.078,127.388170180778,16.2164691225844,0,0.000885,0,0
0:1:25.179,127.797406567978,16.2716271808245,0,0.000885,0,0
0:1:25.276,127.797406567978,16.2716271808245,0,0.000885,0,0
0:1:25.374,127.917508551178,16.2854166953845,0,0.000885,0,0
0:1:25.474,128.211091176778,16.3267852390646,0,0.000885,0,0
0:1:25.575,128.442398699978,16.3543642681846,0,0.000885,0,0
0:1:25.675,128.442398699978,16.3543642681846,0,0.000885,0,0
0:1:25.775,128.913910189578,16.4164170837047,0,0.000885,0,0
0:1:25.873,128.798256427978,16.3957328118647,0,0.000885,0,0
0:1:25.973,128.971737070378,16.4233118409847,0,0.000885,0,0
0:1:26.075,128.971737070378,16.4233118409847,0,0.000885,0,0
0:1:26.174,129.443248559978,16.4784698992248,0,0.000885,0,0
0:1:26.273,129.558902321578,16.4991541710648,0,0.000885,0,0
0:1:26.370,129.558902321578,16.4991541710648,0,0.000885,0,0
0:1:26.470,129.736831185578,16.5198384429048,0,0.000885,0,0
0:1:26.571,130.261721334378,16.588786015705,0,0.000885,0,0
0:1:26.673,130.203894453578,16.5749965011449,0,0.000885,0,0
0:1:26.771,130.203894453578,16.5749965011449,0,0.000885,0,0
0:1:26.869,130.733232823978,16.643944073945,0,0.000885,0,0
0:1:26.967,131.084642330378,16.6922073749051,0,0.000885,0,0
0:1:27.069,131.320398075178,16.7197864040251,0,0.000885,0,0
0:1:27.170,131.320398075178,16.7197864040251,0,0.000885,0,0
0:1:27.269,131.845288223978,16.7887339768253,0,0.000885,0,0
0:1:27.366,131.729634462378,16.7749444622652,0,0.000885,0,0
0:1:27.464,132.023217087978,16.8094182486653,0,0.000885,0,0
0:1:27.564,132.023217087978,16.8094182486653,0,0.000885,0,0
0:1:27.666,132.316799713578,16.8438920350653,0,0.000885,0,0
0:1:27.766,133.135272487977,16.9542081515455,0,0.000885,0,0
0:1:27.865,133.193099368777,16.9611029088255,0,0.000885,0,0
0:1:27.963,133.193099368777,16.9611029088255,0,0.000885,0,0
0:1:28.064,133.486681994377,16.9955766952256,0,0.000885,0,0
0:1:28.165,133.606783977577,17.0093662097856,0,0.000885,0,0
0:1:28.266,133.606783977577,17.0093662097856,0,0.000885,0,0
0:1:28.365,134.193949228777,17.0852085398657,0,0.000885,0,0
0:1:28.467,134.016020364777,17.0645242680257,0,0.000885,0,0
0:1:28.570,134.251776109577,17.0921032971457,0,0.000885,0,0
0:1:28.672,134.251776109577,17.0921032971457,0,0.000885,0,0
0:1:28.773,134.193949228777,17.0852085398657,0,0.000885,0,0
0:1:28.875,134.718839377577,17.1541561126658,0,0.000885,0,0
0:1:28.975,134.896768241577,17.1748403845058,0,0.000885,0,0
0:1:29.075,134.896768241577,17.1748403845058,0,0.000885,0,0
0:1:29.176,135.363831509577,17.2368932000259,0,0.000885,0,0
0:1:29.277,135.363831509577,17.2368932000259,0,0.000885,0,0
0:1:29.378,135.950996760777,17.312735530106,0,0.000885,0,0
0:1:29.479,135.950996760777,17.312735530106,0,0.000885,0,0
0:1:29.580,136.186752505577,17.3403145592261,0,0.000885,0,0
0:1:29.682,136.302406267177,17.3541040737861,0,0.000885,0,0
0:1:29.783,136.480335131177,17.3747883456261,0,0.000885,0,0
0:1:29.881,136.480335131177,17.3747883456261,0,0.000885,0,0
0:1:29.980,137.125327263177,17.4575254329863,0,0.000885,0,0
0:1:30.080,136.947398399177,17.4368411611462,0,0.000885,0,0
0:1:30.181,137.240981024777,17.4713149475463,0,0.000885,0,0
0:1:30.283,137.240981024777,17.4713149475463,0,0.000885,0,0
0:1:30.380,137.885973156777,17.5540520349064,0,0.000885,0,0
0:1:30.478,138.179555782377,17.5954205785865,0,0.000885,0,0
0:1:30.577,138.593240391176,17.6436838795465,0,0.000885,0,0
0:1:30.678,138.593240391176,17.6436838795465,0,0.000885,0,0
0:1:30.779,138.824547914376,17.6781576659466,0,0.000885,0,0
0:1:30.879,139.469540046376,17.7608947533067,0,0.000885,0,0
0:1:30.976,139.175957420776,17.7195262096267,0,0.000885,0,0
0:1:31.075,139.175957420776,17.7195262096267,0,0.000885,0,0
0:1:31.176,139.998878416776,17.8229475688268,0,0.000885,0,0
0:1:31.276,139.820949552776,17.8022632969868,0,0.000885,0,0
0:1:31.377,139.820949552776,17.8022632969868,0,0.000885,0,0
0:1:31.475,140.176807280776,17.8505265979469,0,0.000885,0,0
0:1:31.572,140.114532178376,17.8367370833868,0,0.000885,0,0
0:1:31.672,140.350287923176,17.8712108697869,0,0.000885,0,0
0:1:31.774,140.350287923176,17.8712108697869,0,0.000885,0,0
0:1:31.874,140.528216787176,17.8918951416269,0,0.000885,0,0
0:1:31.971,140.292461042376,17.8643161125069,0,0.000885,0,0
0:1:32.070,141.231035799976,17.981526986267,0,0.000885,0,0
0:1:32.171,141.231035799976,17.981526986267,0,0.000885,0,0
0:1:32.271,141.582445306376,18.0297902872271,0,0.000885,0,0
0:1:32.372,141.524618425576,18.0160007726671,0,0.000885,0,0
0:1:32.470,142.111783676776,18.0918431027472,0,0.000885,0,0
0:1:32.567,142.111783676776,18.0918431027472,0,0.000885,0,0
0:1:32.665,142.227437438376,18.1056326173072,0,0.000885,0,0
0:1:32.766,142.405366302376,18.1332116464273,0,0.000885,0,0
0:1:32.868,142.405366302376,18.1332116464273,0,0.000885,0,0
0:1:32.966,142.463193183176,18.1401064037073,0,0.000885,0,0
0:1:33.064,142.521020063976,18.1470011609873,0,0.000885,0,0
0:1:33.164,143.166012195976,18.2297382483474,0,0.000885,0,0
0:1:33.266,143.166012195976,18.2297382483474,0,0.000885,0,0
0:1:33.366,143.517421702376,18.2711067920275,0,0.000885,0,0
0:1:33.468,143.695350566376,18.2986858211475,0,0.000885,0,0
0:1:33.569,143.988933191976,18.3331596075476,0,0.000885,0,0
0:1:33.672,143.988933191976,18.3331596075476,0,0.000885,0,0
0:1:33.772,144.162413834376,18.3538438793876,0,0.000885,0,0
0:1:33.874,144.633925323975,18.4158966949077,0,0.000885,0,0
0:1:33.975,144.749579085575,18.4296862094677,0,0.000885,0,0
0:1:34.075,144.749579085575,18.4296862094677,0,0.000885,0,0
0:1:34.178,144.985334830375,18.4572652385878,0,0.000885,0,0
0:1:34.278,145.158815472775,18.4848442677078,0,0.000885,0,0
0:1:34.379,145.452398098375,18.5193180541079,0,0.000885,0,0
0:1:34.479,145.452398098375,18.5193180541079,0,0.000885,0,0
0:1:34.580,145.745980723975,18.5537918405079,0,0.000885,0,0
0:1:34.682,146.390972855975,18.636528927868,0,0.000885,0,0
0:1:34.782,146.626728600775,18.6710027142681,0,0.000885,0,0
0:1:34.884,146.626728600775,18.6710027142681,0,0.000885,0,0
0:1:34.984,146.684555481575,18.6778974715481,0,0.000885,0,0
0:1:35.082,147.035964987975,18.7192660152282,0,0.000885,0,0
0:1:35.179,147.093791868775,18.7261607725082,0,0.000885,0,0
0:1:35.280,147.093791868775,18.7261607725082,0,0.000885,0,0
0:1:35.382,147.329547613575,18.7606345589082,0,0.000885,0,0
0:1:35.482,147.623130239175,18.7951083453083,0,0.000885,0,0
0:1:35.581,147.858885983975,18.8226873744283,0,0.000885,0,0
0:1:35.679,147.858885983975,18.8226873744283,0,0.000885,0,0
0:1:35.780,148.268122371175,18.8778454326684,0,0.000885,0,0
0:1:35.881,148.619531877575,18.9261087336285,0,0.000885,0,0
0:1:35.982,149.264524009575,19.0019510637086,0,0.000885,0,0
0:1:36.078,149.264524009575,19.0019510637086,0,0.000885,0,0
0:1:36.176,149.384625992775,19.0226353355486,0,0.000885,0,0
0:1:36.276,149.206697128775,18.9950563064286,0,0.000885,0,0
0:1:36.378,149.206697128775,18.9950563064286,0,0.000885,0,0
0:1:36.478,149.967343022375,19.0915829083487,0,0.000885,0,0
0:1:36.579,150.323200750374,19.1398462093088,0,0.000885,0,0
0:1:36.676,150.203098767174,19.1260566947488,0,0.000885,0,0
0:1:36.774,150.203098767174,19.1260566947488,0,0.000885,0,0
0:1:36.875,150.323200750374,19.1398462093088,0,0.000885,0,0
0:1:36.976,150.848090899174,19.2087937821089,0,0.000885,0,0
0:1:37.075,151.083846643974,19.2363728112289,0,0.000885,0,0
0:1:37.172,151.083846643974,19.2363728112289,0,0.000885,0,0
0:1:37.271,151.261775507974,19.257057083069,0,0.000885,0,0
0:1:37.372,151.728838775974,19.3191098985891,0,0.000885,0,0
0:1:37.472,152.022421401574,19.3535836849891,0,0.000885,0,0
0:1:37.573,152.022421401574,19.3535836849891,0,0.000885,0,0
0:1:37.671,151.906767639974,19.3397941704291,0,0.000885,0,0
0:1:37.770,152.431657788774,19.4087417432292,0,0.000885,0,0
0:1:37.869,152.431657788774,19.4087417432292,0,0.000885,0,0
0:1:37.971,152.783067295174,19.4501102869093,0,0.000885,0,0
0:1:38.071,152.845342397574,19.4638998014693,0,0.000885,0,0
0:1:38.173,153.370232546374,19.5259526169894,0,0.000885,0,0
0:1:38.274,153.370232546374,19.5259526169894,0,0.000885,0,0
0:1:38.376,153.779468933574,19.5811106752295,0,0.000885,0,0
0:1:38.478,153.721642052774,19.5742159179494,0,0.000885,0,0
0:1:38.580,153.841744035974,19.5880054325095,0,0.000885,0,0
0:1:38.680,153.841744035974,19.5880054325095,0,0.000885,0,0
0:1:38.782,154.193153542374,19.6293739761895,0,0.000885,0,0
0:1:38.882,154.193153542374,19.6293739761895,0,0.000885,0,0
0:1:38.984,154.602389929574,19.6845320344296,0,0.000885,0,0
0:1:39.084,154.602389929574,19.6845320344296,0,0.000885,0,0
0:1:39.186,154.838145674374,19.7121110635496,0,0.000885,0,0
0:1:39.286,154.953799435974,19.7327953353897,0,0.000885,0,0
0:1:39.387,155.305208942374,19.7741638790697,0,0.000885,0,0
0:1:39.488,155.305208942374,19.7741638790697,0,0.000885,0,0
0:1:39.590,155.718893551174,19.8293219373098,0,0.000885,0,0
0:1:39.688,155.718893551174,19.8293219373098,0,0.000885,0,0
0:1:39.786,156.595193206373,19.93963805379,0,0.000885,0,0
0:1:39.887,156.595193206373,19.93963805379,0,0.000885,0,0
0:1:39.988,156.363885683173,19.9120590246699,0,0.000885,0,0
0:1:40.089,156.830948951173,19.96721708291,0,0.000885,0,0
0:1:40.185,156.946602712773,19.9810065974701,0,0.000885,0,0
0:1:40.283,156.946602712773,19.9810065974701,0,0.000885,0,0
0:1:40.383,157.475941083173,20.0499541702702,0,0.000885,0,0
0:1:40.484,158.063106334373,20.1257965003503,0,0.000885,0,0
0:1:40.585,158.063106334373,20.1257965003503,0,0.000885,0,0
0:1:40.684,158.063106334373,20.1257965003503,0,0.000885,0,0
0:1:40.781,158.472342721573,20.1740598013103,0,0.000885,0,0
0:1:40.881,158.650271585573,20.2016388304304,0,0.000885,0,0
0:1:40.981,158.650271585573,20.2016388304304,0,0.000885,0,0
0:1:41.083,158.765925347173,20.2154283449904,0,0.000885,0,0
0:1:41.182,159.117334853573,20.2567968886705,0,0.000885,0,0
0:1:41.280,159.295263717573,20.2843759177905,0,0.000885,0,0
0:1:41.378,159.295263717573,20.2843759177905,0,0.000885,0,0
0:1:41.480,159.353090598373,20.2912706750705,0,0.000885,0,0
0:1:41.580,159.882428968773,20.3533234905906,0,0.000885,0,0
0:1:41.680,160.233838475173,20.4015867915507,0,0.000885,0,0
0:1:41.779,160.233838475173,20.4015867915507,0,0.000885,0,0
0:1:41.876,160.233838475173,20.4015867915507,0,0.000885,0,0
0:1:41.978,160.407319117573,20.4222710633907,0,0.000885,0,0
0:1:42.080,160.643074862373,20.4567448497908,0,0.000885,0,0
0:1:42.178,160.643074862373,20.4567448497908,0,0.000885,0,0
0:1:42.276,160.585247981573,20.4429553352307,0,0.000885,0,0
0:1:42.373,160.878830607173,20.4843238789108,0,0.000885,0,0
0:1:42.474,160.878830607173,20.4843238789108,0,0.000885,0,0
0:1:42.574,161.345893875173,20.5463766944309,0,0.000885,0,0
0:1:42.675,161.817405364772,20.601534752671,0,0.000885,0,0
0:1:42.774,162.346743735172,20.6704823254711,0,0.000885,0,0
0:1:42.872,162.346743735172,20.6704823254711,0,0.000885,0,0
0:1:42.971,162.871633883972,20.7394298982712,0,0.000885,0,0
0:1:43.072,162.871633883972,20.7394298982712,0,0.000885,0,0
0:1:43.173,162.755980122372,20.7256403837112,0,0.000885,0,0
0:1:43.274,162.755980122372,20.7256403837112,0,0.000885,0,0
0:1:43.375,163.343145373572,20.7945879565113,0,0.000885,0,0
0:1:43.478,163.694554879972,20.8428512574713,0,0.000885,0,0
0:1:43.580,164.045964386372,20.8842198011514,0,0.000885,0,0
0:1:43.682,164.045964386372,20.8842198011514,0,0.000885,0,0
0:1:43.783,163.988137505572,20.8773250438714,0,0.000885,0,0
0:1:43.884,164.281720131172,20.9186935875515,0,0.000885,0,0
0:1:43.985,164.455200773572,20.9393778593915,0,0.000885,0,0
0:1:44.086,164.455200773572,20.9393778593915,0,0.000885,0,0
0:1:44.188,164.513027654372,20.9462726166715,0,0.000885,0,0
0:1:44.288,164.748783399172,20.9738516457915,0,0.000885,0,0
0:1:44.389,165.220294888772,21.0359044613116,0,0.000885,0,0
0:1:44.490,165.220294888772,21.0359044613116,0,0.000885,0,0
0:1:44.591,165.745185037572,21.1048520341117,0,0.000885,0,0
0:1:44.693,166.096594543972,21.1462205777918,0,0.000885,0,0
0:1:44.792,166.274523407972,21.1737996069118,0,0.000885,0,0
0:1:44.888,166.274523407972,21.1737996069118,0,0.000885,0,0
0:1:44.988,166.216696527172,21.1600100923518,0,0.000885,0,0
0:1:45.090,166.625932914372,21.2151681505919,0,0.000885,0,0
0:1:45.191,167.097444403972,21.277220966112,0,0.000885,0,0
0:1:45.290,167.097444403972,21.277220966112,0,0.000885,0,0
0:1:45.388,166.919515539972,21.249641936992,0,0.000885,0,0
0:1:45.486,167.213098165572,21.291010480672,0,0.000885,0,0
0:1:45.586,167.506680791172,21.3254842670721,0,0.000885,0,0
0:1:45.688,167.506680791172,21.3254842670721,0,0.000885,0,0
0:1:45.787,167.386578807972,21.3116947525121,0,0.000885,0,0
0:1:45.885,167.680161433572,21.3530632961921,0,0.000885,0,0
0:1:45.985,167.680161433572,21.3530632961921,0,0.000885,0,0
0:1:46.086,168.093846042371,21.4013265971522,0,0.000885,0,0
0:1:46.187,168.738838174371,21.4840636845123,0,0.000885,0,0
0:1:46.286,169.148074561571,21.5392217427524,0,0.000885,0,0
0:1:46.384,169.148074561571,21.5392217427524,0,0.000885,0,0
0:1:46.482,169.557310948771,21.5874850437125,0,0.000885,0,0
0:1:46.583,169.908720455171,21.6357483446725,0,0.000885,0,0
0:1:46.682,170.028822438371,21.6495378592326,0,0.000885,0,0
0:1:46.783,170.028822438371,21.6495378592326,0,0.000885,0,0
0:1:46.881,170.673814570371,21.7322749465927,0,0.000885,0,0
0:1:46.980,170.789468331971,21.7460644611527,0,0.000885,0,0
0:1:47.079,170.789468331971,21.7460644611527,0,0.000885,0,0
0:1:47.180,170.789468331971,21.7460644611527,0,0.000885,0,0
0:1:47.281,171.260979821571,21.8081172766728,0,0.000885,0,0
0:1:47.379,171.728043089571,21.8632753349129,0,0.000885,0,0
0:1:47.478,171.785869970371,21.8701700921929,0,0.000885,0,0
0:1:47.577,171.785869970371,21.8701700921929,0,0.000885,0,0
0:1:47.678,172.257381459971,21.932222907713,0,0.000885,0,0
0:1:47.779,172.493137204771,21.959801936833,0,0.000885,0,0
0:1:47.877,172.493137204771,21.959801936833,0,0.000885,0,0
0:1:47.975,172.666617847171,21.9873809659531,0,0.000885,0,0
0:1:48.074,172.960200472771,22.0218547523531,0,0.000885,0,0
0:1:48.175,172.902373591971,22.0149599950731,0,0.000885,0,0
0:1:48.276,172.902373591971,22.0149599950731,0,0.000885,0,0
0:1:48.377,173.018027353571,22.0287495096331,0,0.000885,0,0
0:1:48.478,173.605192604771,22.1045918397132,0,0.000885,0,0
0:1:48.581,173.605192604771,22.1045918397132,0,0.000885,0,0
0:1:48.682,173.605192604771,22.1045918397132,0,0.000885,0,0
0:1:48.785,173.95660211117,22.1459603833933,0,0.000885,0,0
0:1:48.885,174.30801161757,22.1942236843534,0,0.000885,0,0
0:1:48.986,174.36583849837,22.2011184416334,0,0.000885,0,0
0:1:49.088,174.36583849837,22.2011184416334,0,0.000885,0,0
0:1:49.189,174.54376736237,22.2218027134734,0,0.000885,0,0
0:1:49.290,174.48594048157,22.2149079561934,0,0.000885,0,0
0:1:49.391,174.95300374957,22.2769607717135,0,0.000885,0,0
0:1:49.491,174.95300374957,22.2769607717135,0,0.000885,0,0
0:1:49.593,175.18875949437,22.3045398008335,0,0.000885,0,0
0:1:49.694,175.30441325597,22.3183293153936,0,0.000885,0,0
0:1:49.796,175.48234211997,22.3459083445136,0,0.000885,0,0
0:1:49.895,175.48234211997,22.3459083445136,0,0.000885,0,0
0:1:50.002,176.12733425197,22.4286454318737,0,0.000885,0,0
0:1:50.100,176.18516113277,22.4355401891537,0,0.000885,0,0
0:1:50.202,176.53657063917,22.4769087328338,0,0.000885,0,0
0:1:50.302,176.53657063917,22.4769087328338,0,0.000885,0,0
0:1:50.403,177.12373589037,22.5527510629139,0,0.000885,0,0
0:1:50.510,177.53297227757,22.601014363874,0,0.000885,0,0
0:1:50.620,177.82655490317,22.6423829075541,0,0.000885,0,0
0:1:50.721,177.82655490317,22.6423829075541,0,0.000885,0,0
0:1:50.823,178.18241263117,22.6837514512341,0,0.000885,0,0
0:1:50.921,178.18241263117,22.6837514512341,0,0.000885,0,0
0:1:51.019,178.18241263117,22.6837514512341,0,0.000885,0,0
0:1:51.125,178.18241263117,22.6837514512341,0,0.000885,0,0
0:1:51.227,178.76512966077,22.7595937813142,0,0.000885,0,0
0:1:51.328,179.05871228637,22.8009623249943,0,0.000885,0,0
0:1:51.429,179.05871228637,22.8009623249943,0,0.000885,0,0
0:1:51.526,179.05871228637,22.8009623249943,0,0.000885,0,0
0:1:51.624,179.64587753757,22.8699098977944,0,0.000885,0,0
0:1:51.725,179.881633282369,22.9043836841945,0,0.000885,0,0
0:1:51.826,179.64587753757,22.8699098977944,0,0.000885,0,0
0:1:51.926,179.64587753757,22.8699098977944,0,0.000885,0,0
0:1:52.024,180.233042788769,22.9457522278745,0,0.000885,0,0
0:1:52.122,180.526625414369,22.9871207715546,0,0.000885,0,0
0:1:52.221,180.468798533569,22.9802260142746,0,0.000885,0,0
0:1:52.323,180.468798533569,22.9802260142746,0,0.000885,0,0
0:1:52.423,180.878034920769,23.0284893152346,0,0.000885,0,0
0:1:52.523,181.113790665569,23.0629631016347,0,0.000885,0,0
0:1:52.621,181.407373291169,23.0974368880347,0,0.000885,0,0
0:1:52.719,181.407373291169,23.0974368880347,0,0.000885,0,0
0:1:52.821,181.638680814369,23.1250159171548,0,0.000885,0,0
0:1:52.922,182.052365423169,23.1801739753949,0,0.000885,0,0
0:1:53.021,182.283672946369,23.2077530045149,0,0.000885,0,0
0:1:53.118,182.283672946369,23.2077530045149,0,0.000885,0,0
0:1:53.214,182.577255571969,23.249121548195,0,0.000885,0,0
0:1:53.319,182.870838197569,23.283595334595,0,0.000885,0,0
0:1:53.419,182.870838197569,23.283595334595,0,0.000885,0,0
0:1:53.520,183.106593942369,23.3111743637151,0,0.000885,0,0
0:1:53.621,183.222247703969,23.3318586355551,0,0.000885,0,0
0:1:53.724,184.045168699969,23.4352799947552,0,0.000885,0,0
0:1:53.825,184.045168699969,23.4352799947552,0,0.000885,0,0
0:1:53.927,183.809412955169,23.4008062083552,0,0.000885,0,0
0:1:54.027,183.867239835969,23.4077009656352,0,0.000885,0,0
0:1:54.129,184.396578206369,23.4766485384353,0,0.000885,0,0
0:1:54.229,184.396578206369,23.4766485384353,0,0.000885,0,0
0:1:54.331,184.512231967969,23.4904380529953,0,0.000885,0,0
0:1:54.432,184.574507070369,23.4973328102753,0,0.000885,0,0
0:1:54.533,184.868089695969,23.5387013539554,0,0.000885,0,0
0:1:54.633,184.868089695969,23.5387013539554,0,0.000885,0,0
0:1:54.734,185.513081827969,23.6214384413155,0,0.000885,0,0
0:1:54.836,185.686562470368,23.6421227131556,0,0.000885,0,0
0:1:54.938,185.806664453568,23.6559122277156,0,0.000885,0,0
0:1:55.038,185.806664453568,23.6559122277156,0,0.000885,0,0
0:1:55.135,186.389381483168,23.7317545577957,0,0.000885,0,0
0:1:55.233,186.625137227968,23.7593335869157,0,0.000885,0,0
0:1:55.334,186.803066091968,23.7869126160358,0,0.000885,0,0
0:1:55.434,186.803066091968,23.7869126160358,0,0.000885,0,0
0:1:55.535,187.096648717568,23.8213864024358,0,0.000885,0,0
0:1:55.634,187.448058223968,23.8696497033959,0,0.000885,0,0
0:1:55.731,187.741640849568,23.904123489796,0,0.000885,0,0
0:1:55.831,187.741640849568,23.904123489796,0,0.000885,0,0
0:1:55.932,187.679365747168,23.8972287325159,0,0.000885,0,0
0:1:56.033,188.093050355968,23.945492033476,0,0.000885,0,0
0:1:56.130,188.093050355968,23.945492033476,0,0.000885,0,0
0:1:56.227,188.680215607168,24.0213343635561,0,0.000885,0,0
0:1:56.327,188.853696249568,24.0489133926762,0,0.000885,0,0
0:1:56.428,188.680215607168,24.0213343635561,0,0.000885,0,0
0:1:56.528,188.680215607168,24.0213343635561,0,0.000885,0,0
0:1:56.627,189.440861500768,24.1178609654763,0,0.000885,0,0
0:1:56.724,189.440861500768,24.1178609654763,0,0.000885,0,0
0:1:56.823,190.143680513568,24.2074928101164,0,0.000885,0,0
0:1:56.925,190.143680513568,24.2074928101164,0,0.000885,0,0
0:1:57.025,190.201507394368,24.2143875673964,0,0.000885,0,0
0:1:57.125,190.379436258368,24.2419665965165,0,0.000885,0,0
0:1:57.222,190.495090019968,24.2557561110765,0,0.000885,0,0
0:1:57.320,190.495090019968,24.2557561110765,0,0.000885,0,0
0:1:57.422,190.615192003168,24.2695456256365,0,0.000885,0,0
0:1:57.523,191.260184135168,24.3522827129966,0,0.000885,0,0
0:1:57.622,191.433664777567,24.3729669848367,0,0.000885,0,0
0:1:57.721,191.433664777567,24.3729669848367,0,0.000885,0,0
0:1:57.820,191.611593641567,24.3936512566767,0,0.000885,0,0
0:1:57.920,191.847349386367,24.4281250430767,0,0.000885,0,0
0:1:58.022,191.847349386367,24.4281250430767,0,0.000885,0,0
0:1:58.122,192.372239535167,24.4970726158768,0,0.000885,0,0
0:1:58.223,192.372239535167,24.4970726158768,0,0.000885,0,0
0:1:58.324,193.017231667167,24.572914945957,0,0.000885,0,0
0:1:58.426,193.017231667167,24.572914945957,0,0.000885,0,0
0:1:58.526,193.195160531167,24.600493975077,0,0.000885,0,0
0:1:58.628,193.368641173567,24.621178246917,0,0.000885,0,0
0:1:58.728,193.724498901567,24.6625467905971,0,0.000885,0,0
0:1:58.828,193.724498901567,24.6625467905971,0,0.000885,0,0
0:1:58.928,194.133735288767,24.7177048488372,0,0.000885,0,0
0:1:59.029,194.191562169567,24.7245996061172,0,0.000885,0,0
0:1:59.128,194.191562169567,24.7245996061172,0,0.000885,0,0
0:1:59.228,194.191562169567,24.7245996061172,0,0.000885,0,0
0:1:59.329,194.836554301567,24.8073366934773,0,0.000885,0,0
0:1:59.430,194.952208063167,24.8211262080373,0,0.000885,0,0
0:1:59.530,195.245790688767,24.8624947517174,0,0.000885,0,0
0:1:59.630,195.245790688767,24.8624947517174,0,0.000885,0,0
0:1:59.726,195.308065791167,24.8693895089974,0,0.000885,0,0
0:1:59.824,195.890782820767,24.9452318390775,0,0.000885,0,0
0:1:59.924,196.068711684767,24.9659161109176,0,0.000885,0,0
0:2:0.024,196.068711684767,24.9659161109176,0,0.000885,0,0
0:2:0.124,196.068711684767,24.9659161109176,0,0.000885,0,0
0:2:0.221,196.598050055167,25.0348636837177,0,0.000885,0,0
0:2:0.318,196.598050055167,25.0348636837177,0,0.000885,0,0
0:2:0.415,196.598050055167,25.0348636837177,0,0.000885,0,0
0:2:0.515,196.771530697567,25.0555479555577,0,0.000885,0,0
0:2:0.614,196.891632680767,25.0693374701177,0,0.000885,0,0
0:2:0.712,196.891632680767,25.0693374701177,0,0.000885,0,0
0:2:0.809,197.243042187166,25.1107060137978,0,0.000885,0,0
0:2:0.909,197.358695948766,25.1313902856378,0,0.000885,0,0
0:2:1.008,198.061514961566,25.2210221302779,0,0.000885,0,0
0:2:1.108,198.061514961566,25.2210221302779,0,0.000885,0,0
0:2:1.207,198.061514961566,25.2210221302779,0,0.000885,0,0
0:2:1.305,198.297270706366,25.248601159398,0,0.000885,0,0
0:2:1.402,198.297270706366,25.248601159398,0,0.000885,0,0
0:2:1.501,198.297270706366,25.248601159398,0,0.000885,0,0
0:2:1.602,198.764333974366,25.3106539749181,0,0.000885,0,0
0:2:1.701,199.057916599966,25.3451277613181,0,0.000885,0,0
0:2:1.799,199.057916599966,25.3451277613181,0,0.000885,0,0
0:2:1.895,199.529428089566,25.4071805768382,0,0.000885,0,0
0:2:1.995,200.058766459966,25.4692333923583,0,0.000885,0,0
0:2:2.095,200.058766459966,25.4692333923583,0,0.000885,0,0
0:2:2.195,200.058766459966,25.4692333923583,0,0.000885,0,0
0:2:2.293,200.583656608766,25.5381809651584,0,0.000885,0,0
0:2:2.389,200.641483489566,25.5450757224384,0,0.000885,0,0
0:2:2.488,200.641483489566,25.5450757224384,0,0.000885,0,0
0:2:2.589,200.819412353566,25.5657599942785,0,0.000885,0,0
0:2:2.689,201.055168098366,25.6002337806785,0,0.000885,0,0
0:2:2.787,201.406577604766,25.6416023243586,0,0.000885,0,0
0:2:2.883,201.406577604766,25.6416023243586,0,0.000885,0,0
0:2:2.983,201.873640872766,25.7036551398787,0,0.000885,0,0
0:2:3.082,202.167223498366,25.7381289262787,0,0.000885,0,0
0:2:3.183,202.460806123966,25.7794974699588,0,0.000885,0,0
0:2:3.283,202.460806123966,25.7794974699588,0,0.000885,0,0
0:2:3.385,202.812215630366,25.8208660136388,0,0.000885,0,0
0:2:3.486,202.870042511166,25.8277607709188,0,0.000885,0,0
0:2:3.586,202.990144494366,25.8484450427589,0,0.000885,0,0
0:2:3.687,202.990144494366,25.8484450427589,0,0.000885,0,0
0:2:3.789,203.399380881565,25.8967083437189,0,0.000885,0,0
0:2:3.889,203.750790387965,25.944971644679,0,0.000885,0,0
0:2:3.989,203.750790387965,25.944971644679,0,0.000885,0,0
0:2:4.090,203.750790387965,25.944971644679,0,0.000885,0,0
0:2:4.190,204.102199894365,25.9863401883591,0,0.000885,0,0
0:2:4.289,204.925120890365,26.0897615475592,0,0.000885,0,0
0:2:4.390,204.982947771165,26.0966563048393,0,0.000885,0,0
0:2:4.489,204.982947771165,26.0966563048393,0,0.000885,0,0
0:2:4.590,204.925120890365,26.0897615475592,0,0.000885,0,0
0:2:4.691,205.392184158365,26.1518143630793,0,0.000885,0,0
0:2:4.791,205.921522528765,26.2207619358794,0,0.000885,0,0
0:2:4.887,205.921522528765,26.2207619358794,0,0.000885,0,0
0:2:4.984,205.863695647965,26.2138671785994,0,0.000885,0,0
0:2:5.086,206.393034018365,26.2759199941195,0,0.000885,0,0
0:2:5.186,206.393034018365,26.2759199941195,0,0.000885,0,0
0:2:5.284,206.624341541565,26.3103937805196,0,0.000885,0,0
0:2:5.381,206.682168422365,26.3172885377996,0,0.000885,0,0
0:2:5.479,207.211506792765,26.3862361105997,0,0.000885,0,0
0:2:5.579,207.211506792765,26.3862361105997,0,0.000885,0,0
0:2:5.678,206.917924167165,26.3448675669196,0,0.000885,0,0
0:2:5.777,207.211506792765,26.3862361105997,0,0.000885,0,0
0:2:5.874,207.269333673565,26.3931308678797,0,0.000885,0,0
0:2:5.971,207.269333673565,26.3931308678797,0,0.000885,0,0
0:2:6.071,207.562916299165,26.4276046542797,0,0.000885,0,0
0:2:6.172,207.683018282365,26.4413941688398,0,0.000885,0,0
0:2:6.271,207.683018282365,26.4413941688398,0,0.000885,0,0
0:2:6.369,208.034427788765,26.4896574697998,0,0.000885,0,0
0:2:6.466,208.679419920765,26.57239455716,0,0.000885,0,0
0:2:6.567,208.795073682365,26.58618407172,0,0.000885,0,0
0:2:6.665,208.795073682365,26.58618407172,0,0.000885,0,0
0:2:6.766,209.146483188764,26.6275526154,0,0.000885,0,0
0:2:6.863,209.382238933564,26.6620264018001,0,0.000885,0,0
0:2:6.959,209.266585171964,26.6413421299601,0,0.000885,0,0
0:2:7.058,209.266585171964,26.6413421299601,0,0.000885,0,0
0:2:7.156,209.324412052764,26.6551316445201,0,0.000885,0,0
0:2:7.257,209.911577303964,26.7240792173202,0,0.000885,0,0
0:2:7.356,209.911577303964,26.7240792173202,0,0.000885,0,0
0:2:7.453,210.205159929564,26.7654477610003,0,0.000885,0,0
0:2:7.553,210.556569435964,26.8068163046803,0,0.000885,0,0
0:2:7.654,210.965805823164,26.8619743629204,0,0.000885,0,0
0:2:7.754,210.965805823164,26.8619743629204,0,0.000885,0,0
0:2:7.851,211.259388448764,26.8964481493205,0,0.000885,0,0
0:2:7.948,211.317215329564,26.9033429066005,0,0.000885,0,0
0:2:8.047,211.375042210364,26.9102376638805,0,0.000885,0,0
0:2:8.147,211.375042210364,26.9102376638805,0,0.000885,0,0
0:2:8.248,211.846553699964,26.9722904794006,0,0.000885,0,0
0:2:8.349,211.962207461564,26.9860799939606,0,0.000885,0,0
0:2:8.449,211.846553699964,26.9722904794006,0,0.000885,0,0
0:2:8.550,211.846553699964,26.9722904794006,0,0.000885,0,0
0:2:8.652,212.255790087164,27.0274485376407,0,0.000885,0,0
0:2:8.752,212.842955338364,27.1032908677208,0,0.000885,0,0
0:2:8.854,212.900782219164,27.1101856250008,0,0.000885,0,0
0:2:8.953,212.900782219164,27.1101856250008,0,0.000885,0,0
0:2:9.053,213.665876334364,27.2067122269209,0,0.000885,0,0
0:2:9.154,213.897183857564,27.234291256041,0,0.000885,0,0
0:2:9.255,214.075112721564,27.254975527881,0,0.000885,0,0
0:2:9.354,214.075112721564,27.254975527881,0,0.000885,0,0
0:2:9.454,214.542175989564,27.3170283434011,0,0.000885,0,0
0:2:9.555,214.893585495963,27.3583968870811,0,0.000885,0,0
0:2:9.655,214.893585495963,27.3583968870811,0,0.000885,0,0
0:2:9.756,215.013687479163,27.3790811589212,0,0.000885,0,0
0:2:9.856,215.365096985563,27.4204497026012,0,0.000885,0,0
0:2:9.953,215.600852730363,27.4480287317213,0,0.000885,0,0
0:2:10.050,215.600852730363,27.4480287317213,0,0.000885,0,0
0:2:10.151,215.894435355963,27.4893972754013,0,0.000885,0,0
0:2:10.251,216.010089117563,27.5031867899614,0,0.000885,0,0
0:2:10.349,216.303671743163,27.5376605763614,0,0.000885,0,0
0:2:10.446,216.303671743163,27.5376605763614,0,0.000885,0,0
0:2:10.544,216.655081249563,27.5859238773215,0,0.000885,0,0
0:2:10.644,217.006490755963,27.6272924210016,0,0.000885,0,0
0:2:10.745,217.006490755963,27.6272924210016,0,0.000885,0,0
0:2:10.844,217.006490755963,27.6272924210016,0,0.000885,0,0
0:2:10.941,217.300073381563,27.6686609646816,0,0.000885,0,0
0:2:11.039,217.887238632763,27.7445032947617,0,0.000885,0,0
0:2:11.136,217.887238632763,27.7445032947617,0,0.000885,0,0
0:2:11.238,218.180821258363,27.7789770811618,0,0.000885,0,0
0:2:11.338,218.416577003163,27.8065561102818,0,0.000885,0,0
0:2:11.435,218.590057645563,27.8341351394019,0,0.000885,0,0
0:2:11.532,218.590057645563,27.8341351394019,0,0.000885,0,0
0:2:11.634,219.061569135163,27.8892931976419,0,0.000885,0,0
0:2:11.734,219.119396015963,27.896187954922,0,0.000885,0,0
0:2:11.835,219.235049777563,27.916872226762,0,0.000885,0,0
0:2:11.931,219.235049777563,27.916872226762,0,0.000885,0,0
0:2:12.028,219.177222896763,27.903082712202,0,0.000885,0,0
0:2:12.126,219.764388147963,27.9789250422821,0,0.000885,0,0
0:2:12.227,219.764388147963,27.9789250422821,0,0.000885,0,0
0:2:12.327,219.822215028763,27.9858197995621,0,0.000885,0,0
0:2:12.424,219.937868790363,28.0065040714021,0,0.000885,0,0
0:2:12.521,220.582860922363,28.0823464014822,0,0.000885,0,0
0:2:12.621,220.582860922363,28.0823464014822,0,0.000885,0,0
0:2:12.722,221.170026173562,28.1581887315624,0,0.000885,0,0
0:2:12.822,221.170026173562,28.1581887315624,0,0.000885,0,0
0:2:12.917,221.170026173562,28.1581887315624,0,0.000885,0,0
0:2:13.025,221.170026173562,28.1581887315624,0,0.000885,0,0
0:2:13.124,221.641537663162,28.2202415470824,0,0.000885,0,0
0:2:13.225,221.935120288762,28.2547153334825,0,0.000885,0,0
0:2:13.325,221.935120288762,28.2547153334825,0,0.000885,0,0
0:2:13.425,221.935120288762,28.2547153334825,0,0.000885,0,0
0:2:13.526,222.344356675962,28.3098733917226,0,0.000885,0,0
0:2:13.628,222.695766182362,28.3512419354026,0,0.000885,0,0
0:2:13.729,223.167277671962,28.4132947509227,0,0.000885,0,0
0:2:13.829,223.167277671962,28.4132947509227,0,0.000885,0,0
0:2:13.931,223.518687178362,28.4615580518828,0,0.000885,0,0
0:2:14.031,223.518687178362,28.4615580518828,0,0.000885,0,0
0:2:14.132,223.749994701562,28.4891370810028,0,0.000885,0,0
0:2:14.230,223.749994701562,28.4891370810028,0,0.000885,0,0
0:2:14.331,223.870096684762,28.5029265955629,0,0.000885,0,0
0:2:14.431,223.927923565562,28.5098213528429,0,0.000885,0,0
0:2:14.531,224.101404207962,28.5305056246829,0,0.000885,0,0
0:2:14.631,224.101404207962,28.5305056246829,0,0.000885,0,0
0:2:14.733,224.866498323162,28.6339269838831,0,0.000885,0,0
0:2:14.833,225.102254067962,28.6615060130031,0,0.000885,0,0
0:2:14.931,225.102254067962,28.6615060130031,0,0.000885,0,0
0:2:15.028,225.102254067962,28.6615060130031,0,0.000885,0,0
0:2:15.126,225.395836693562,28.6959797994032,0,0.000885,0,0
0:2:15.226,225.627144216762,28.7304535858032,0,0.000885,0,0
0:2:15.326,225.627144216762,28.7304535858032,0,0.000885,0,0
0:2:15.424,226.040828825562,28.7787168867633,0,0.000885,0,0
0:2:15.522,226.214309467962,28.7994011586033,0,0.000885,0,0
0:2:15.620,226.334411451162,28.8200854304433,0,0.000885,0,0
0:2:15.720,226.334411451162,28.8200854304433,0,0.000885,0,0
0:2:15.820,226.685820957561,28.8614539741234,0,0.000885,0,0
0:2:15.920,226.917128480761,28.8890330032435,0,0.000885,0,0
0:2:16.016,227.446466851161,28.9579805760436,0,0.000885,0,0
0:2:16.124,227.446466851161,28.9579805760436,0,0.000885,0,0
0:2:16.225,227.740049476761,28.9993491197236,0,0.000885,0,0
0:2:16.326,227.975805221561,29.0269281488437,0,0.000885,0,0
0:2:16.425,228.207112744761,29.0545071779637,0,0.000885,0,0
0:2:16.522,228.207112744761,29.0545071779637,0,0.000885,0,0
0:2:16.616,228.500695370361,29.0958757216438,0,0.000885,0,0
0:2:16.717,229.030033740761,29.1579285371639,0,0.000885,0,0
0:2:16.817,229.030033740761,29.1579285371639,0,0.000885,0,0
0:2:16.920,229.265789485561,29.1924023235639,0,0.000885,0,0
0:2:17.016,229.675025872761,29.240665624524,0,0.000885,0,0
0:2:17.112,229.910781617561,29.275139410924,0,0.000885,0,0
0:2:17.211,229.910781617561,29.275139410924,0,0.000885,0,0
0:2:17.311,230.262191123961,29.3165079546041,0,0.000885,0,0
0:2:17.412,230.555773749561,29.3578764982842,0,0.000885,0,0
0:2:17.509,230.729254391961,29.3785607701242,0,0.000885,0,0
0:2:17.615,230.729254391961,29.3785607701242,0,0.000885,0,0
0:2:17.714,230.555773749561,29.3578764982842,0,0.000885,0,0
0:2:17.815,230.965010136761,29.4061397992442,0,0.000885,0,0
0:2:17.915,231.494348507161,29.4750873720443,0,0.000885,0,0
0:2:18.013,231.494348507161,29.4750873720443,0,0.000885,0,0
0:2:18.111,231.610002268761,29.4888768866044,0,0.000885,0,0
0:2:18.210,231.552175387961,29.4819821293243,0,0.000885,0,0
0:2:18.311,231.552175387961,29.4819821293243,0,0.000885,0,0
0:2:18.411,231.845758013561,29.5164559157244,0,0.000885,0,0
0:2:18.511,232.081513758361,29.5509297021244,0,0.000885,0,0
0:2:18.611,232.49075014556,29.5991930030845,0,0.000885,0,0
0:2:18.713,232.49075014556,29.5991930030845,0,0.000885,0,0
0:2:18.813,232.375096383961,29.5854034885245,0,0.000885,0,0
0:2:18.915,232.84215965196,29.6474563040446,0,0.000885,0,0
0:2:19.016,233.25139603916,29.6957196050047,0,0.000885,0,0
0:2:19.116,233.25139603916,29.6957196050047,0,0.000885,0,0
0:2:19.216,233.07791539676,29.6750353331646,0,0.000885,0,0
0:2:19.317,233.25139603916,29.6957196050047,0,0.000885,0,0
0:2:19.417,233.60280554556,29.7439829059647,0,0.000885,0,0
0:2:19.516,233.60280554556,29.7439829059647,0,0.000885,0,0
0:2:19.616,234.18997079676,29.8198252360448,0,0.000885,0,0
0:2:19.717,234.54138030316,29.8611937797249,0,0.000885,0,0
0:2:19.820,234.95506491196,29.916351837965,0,0.000885,0,0
0:2:19.920,234.95506491196,29.916351837965,0,0.000885,0,0
0:2:20.015,235.42212817996,29.9784046534851,0,0.000885,0,0
0:2:20.124,235.30647441836,29.9577203816451,0,0.000885,0,0
0:2:20.223,235.65788392476,30.0059836826051,0,0.000885,0,0
0:2:20.323,235.65788392476,30.0059836826051,0,0.000885,0,0
0:2:20.424,236.00929343116,30.0473522262852,0,0.000885,0,0
0:2:20.522,236.41852981836,30.1025102845253,0,0.000885,0,0
0:2:20.627,236.53863180156,30.1162997990853,0,0.000885,0,0
0:2:20.726,236.53863180156,30.1162997990853,0,0.000885,0,0
0:2:20.826,237.06352195036,30.1852473718854,0,0.000885,0,0
0:2:20.927,237.00569506956,30.1783526146054,0,0.000885,0,0
0:2:21.024,237.24145081436,30.2059316437254,0,0.000885,0,0
0:2:21.121,237.24145081436,30.2059316437254,0,0.000885,0,0
0:2:21.218,237.53503343996,30.2404054301255,0,0.000885,0,0
0:2:21.321,238.18002557196,30.3231425174856,0,0.000885,0,0
0:2:21.421,238.18002557196,30.3231425174856,0,0.000885,0,0
0:2:21.520,238.41578131676,30.3576163038857,0,0.000885,0,0
0:2:21.615,238.589261959159,30.3783005757257,0,0.000885,0,0
0:2:21.712,238.41578131676,30.3576163038857,0,0.000885,0,0
0:2:21.813,238.41578131676,30.3576163038857,0,0.000885,0,0
0:2:21.913,238.767190823159,30.3989848475657,0,0.000885,0,0
0:2:22.012,239.412182955159,30.4817219349258,0,0.000885,0,0
0:2:22.108,239.470009835959,30.4886166922059,0,0.000885,0,0
0:2:22.206,239.470009835959,30.4886166922059,0,0.000885,0,0
0:2:22.305,239.470009835959,30.4886166922059,0,0.000885,0,0
0:2:22.406,239.585663597559,30.5024062067659,0,0.000885,0,0
0:2:22.506,239.585663597559,30.5024062067659,0,0.000885,0,0
0:2:22.603,239.937073103959,30.5506695077259,0,0.000885,0,0
0:2:22.699,240.292930831959,30.592038051406,0,0.000885,0,0
0:2:22.800,240.466411474359,30.6196170805261,0,0.000885,0,0
0:2:22.900,240.466411474359,30.6196170805261,0,0.000885,0,0
0:2:23.001,240.995749844759,30.6816698960461,0,0.000885,0,0
0:2:23.100,240.995749844759,30.6816698960461,0,0.000885,0,0
0:2:23.202,241.347159351159,30.7299331970062,0,0.000885,0,0
0:2:23.303,241.347159351159,30.7299331970062,0,0.000885,0,0
0:2:23.403,241.756395738359,30.7781964979663,0,0.000885,0,0
0:2:23.504,241.876497721559,30.7988807698063,0,0.000885,0,0
0:2:23.605,242.521489853559,30.8816178571664,0,0.000885,0,0
0:2:23.704,242.521489853559,30.8816178571664,0,0.000885,0,0
0:2:23.805,242.579316734359,30.8885126144465,0,0.000885,0,0
0:2:23.905,242.815072479159,30.9160916435665,0,0.000885,0,0
0:2:24.005,242.930726240759,30.9298811581265,0,0.000885,0,0
0:2:24.105,242.930726240759,30.9298811581265,0,0.000885,0,0
0:2:24.206,243.282135747159,30.9781444590866,0,0.000885,0,0
0:2:24.306,243.633545253559,31.0195130027667,0,0.000885,0,0
0:2:24.407,243.691372134359,31.0264077600467,0,0.000885,0,0
0:2:24.507,243.691372134359,31.0264077600467,0,0.000885,0,0
0:2:24.604,244.042781640759,31.0746710610067,0,0.000885,0,0
0:2:24.710,244.336364266358,31.1091448474068,0,0.000885,0,0
0:2:24.810,244.336364266358,31.1091448474068,0,0.000885,0,0
0:2:24.910,244.750048875158,31.1643029056469,0,0.000885,0,0
0:2:25.011,245.043631500758,31.1987766920469,0,0.000885,0,0
0:2:25.108,244.981356398358,31.1918819347669,0,0.000885,0,0
0:2:25.212,244.981356398358,31.1918819347669,0,0.000885,0,0
0:2:25.312,245.332765904758,31.240145235727,0,0.000885,0,0
0:2:25.414,245.452867887958,31.253934750287,0,0.000885,0,0
0:2:25.513,246.097860019958,31.3366718376471,0,0.000885,0,0
0:2:25.611,246.097860019958,31.3366718376471,0,0.000885,0,0
0:2:25.709,246.507096407158,31.3849351386072,0,0.000885,0,0
0:2:25.807,246.040033139158,31.3297770803671,0,0.000885,0,0
0:2:25.908,246.155686900758,31.3435665949271,0,0.000885,0,0
0:2:26.008,246.155686900758,31.3435665949271,0,0.000885,0,0
0:2:26.114,246.858505913558,31.4331984395673,0,0.000885,0,0
0:2:26.211,247.330017403158,31.4883564978074,0,0.000885,0,0
0:2:26.310,247.681426909558,31.5366197987674,0,0.000885,0,0
0:2:26.410,247.681426909558,31.5366197987674,0,0.000885,0,0
0:2:26.511,247.797080671158,31.5504093133275,0,0.000885,0,0
0:2:26.610,248.148490177558,31.5986726142875,0,0.000885,0,0
0:2:26.707,248.268592160758,31.6124621288475,0,0.000885,0,0
0:2:26.805,248.268592160758,31.6124621288475,0,0.000885,0,0
0:2:26.905,248.620001667158,31.6538306725276,0,0.000885,0,0
0:2:27.006,248.793482309558,31.6745149443676,0,0.000885,0,0
0:2:27.112,248.913584292758,31.6951992162077,0,0.000885,0,0
0:2:27.220,248.913584292758,31.6951992162077,0,0.000885,0,0
0:2:27.317,249.207166918358,31.7296730026077,0,0.000885,0,0
0:2:27.417,249.674230186358,31.7917258181278,0,0.000885,0,0
0:2:27.517,250.145741675958,31.8468838763679,0,0.000885,0,0
0:2:27.616,250.145741675958,31.8468838763679,0,0.000885,0,0
0:2:27.714,250.261395437557,31.8675681482079,0,0.000885,0,0
0:2:27.812,250.319222318358,31.8744629054879,0,0.000885,0,0
0:2:27.912,250.319222318358,31.8744629054879,0,0.000885,0,0
0:2:28.013,250.732906927157,31.922726206448,0,0.000885,0,0
0:2:28.113,250.790733807957,31.929620963728,0,0.000885,0,0
0:2:28.215,251.084316433557,31.9709895074081,0,0.000885,0,0
0:2:28.316,251.084316433557,31.9709895074081,0,0.000885,0,0
0:2:28.416,251.315623956757,31.9985685365281,0,0.000885,0,0
0:2:28.518,251.902789207957,32.0744108666082,0,0.000885,0,0
0:2:28.622,252.138544952757,32.1019898957283,0,0.000885,0,0
0:2:28.721,252.138544952757,32.1019898957283,0,0.000885,0,0
0:2:28.818,252.432127578357,32.1433584394083,0,0.000885,0,0
0:2:28.921,252.841363965557,32.1916217403684,0,0.000885,0,0
0:2:29.021,252.725710203957,32.1778322258084,0,0.000885,0,0
0:2:29.121,252.725710203957,32.1778322258084,0,0.000885,0,0
0:2:29.222,253.192773471957,32.2398850413285,0,0.000885,0,0
0:2:29.322,253.428529216757,32.2674640704485,0,0.000885,0,0
0:2:29.421,253.722111842357,32.3019378568486,0,0.000885,0,0
0:2:29.522,253.722111842357,32.3019378568486,0,0.000885,0,0
0:2:29.621,254.015694467957,32.3433064005286,0,0.000885,0,0
0:2:29.717,254.367103974357,32.3846749442087,0,0.000885,0,0
0:2:29.815,254.367103974357,32.3846749442087,0,0.000885,0,0
0:2:29.915,254.424930855157,32.3915697014887,0,0.000885,0,0
0:2:30.013,255.012096106357,32.4674120315688,0,0.000885,0,0
0:2:30.114,255.305678731957,32.5087805752489,0,0.000885,0,0
0:2:30.222,255.305678731957,32.5087805752489,0,0.000885,0,0
0:2:30.328,255.305678731957,32.5087805752489,0,0.000885,0,0
0:2:30.429,255.599261357557,32.5432543616489,0,0.000885,0,0
0:2:30.529,255.892843983157,32.584622905329,0,0.000885,0,0
0:2:30.628,255.892843983157,32.584622905329,0,0.000885,0,0
0:2:30.726,255.835017102357,32.570833390769,0,0.000885,0,0
0:2:30.823,256.186426608756,32.6190966917291,0,0.000885,0,0
0:2:30.922,256.537836115156,32.6604652354091,0,0.000885,0,0
0:2:31.023,256.537836115156,32.6604652354091,0,0.000885,0,0
0:2:31.123,256.947072502356,32.7156232936492,0,0.000885,0,0
0:2:31.218,257.298482008756,32.7569918373293,0,0.000885,0,0
0:2:31.315,257.418583991956,32.7776761091693,0,0.000885,0,0
0:2:31.414,257.418583991956,32.7776761091693,0,0.000885,0,0
0:2:31.514,257.769993498356,32.8190446528494,0,0.000885,0,0
0:2:31.615,258.001301021556,32.8466236819694,0,0.000885,0,0
0:2:31.711,258.708568255956,32.9362555266095,0,0.000885,0,0
0:2:31.809,258.708568255956,32.9362555266095,0,0.000885,0,0
0:2:31.908,258.939875779156,32.9707293130096,0,0.000885,0,0
0:2:32.009,259.233458404756,33.0052030994096,0,0.000885,0,0
0:2:32.109,259.233458404756,33.0052030994096,0,0.000885,0,0
0:2:32.207,259.295733507156,33.0120978566897,0,0.000885,0,0
0:2:32.304,259.527041030356,33.0465716430897,0,0.000885,0,0
0:2:32.402,260.114206281556,33.1155192158898,0,0.000885,0,0
0:2:32.502,260.114206281556,33.1155192158898,0,0.000885,0,0
0:2:32.603,260.172033162356,33.1293087304498,0,0.000885,0,0
0:2:32.702,260.172033162356,33.1293087304498,0,0.000885,0,0
0:2:32.798,260.292135145556,33.1430982450098,0,0.000885,0,0
0:2:32.897,260.292135145556,33.1430982450098,0,0.000885,0,0
0:2:32.997,260.407788907156,33.1568877595699,0,0.000885,0,0
0:2:33.097,260.879300396756,33.21894057509,0,0.000885,0,0
0:2:33.198,261.110607919956,33.24651960421,0,0.000885,0,0
0:2:33.296,261.110607919956,33.24651960421,0,0.000885,0,0
0:2:33.397,261.052781039156,33.23962484693,0,0.000885,0,0
0:2:33.499,261.110607919956,33.24651960421,0,0.000885,0,0
0:2:33.599,261.110607919956,33.24651960421,0,0.000885,0,0
0:2:33.700,261.346363664756,33.27409863333,0,0.000885,0,0
0:2:33.802,261.933528915955,33.3499409634102,0,0.000885,0,0
0:2:33.902,262.284938422355,33.3982042643702,0,0.000885,0,0
0:2:34.000,262.284938422355,33.3982042643702,0,0.000885,0,0
0:2:34.101,262.752001690355,33.4533623226103,0,0.000885,0,0
0:2:34.202,262.929930554355,33.4740465944504,0,0.000885,0,0
0:2:34.302,263.223513179955,33.5154151381304,0,0.000885,0,0
0:2:34.401,263.223513179955,33.5154151381304,0,0.000885,0,0
0:2:34.501,263.045584315955,33.4947308662904,0,0.000885,0,0
0:2:34.600,263.281340060755,33.5223098954104,0,0.000885,0,0
0:2:34.701,263.868505311955,33.5981522254905,0,0.000885,0,0
0:2:34.799,263.868505311955,33.5981522254905,0,0.000885,0,0
0:2:34.905,264.277741699155,33.6464155264506,0,0.000885,0,0
0:2:35.004,264.455670563155,33.6739945555706,0,0.000885,0,0
0:2:35.104,264.571324324755,33.6877840701307,0,0.000885,0,0
0:2:35.204,264.571324324755,33.6877840701307,0,0.000885,0,0
0:2:35.303,264.629151205555,33.6946788274107,0,0.000885,0,0
0:2:35.409,264.455670563155,33.6739945555706,0,0.000885,0,0
0:2:35.507,264.922733831155,33.7291526138107,0,0.000885,0,0
0:2:35.607,264.922733831155,33.7291526138107,0,0.000885,0,0
0:2:35.707,265.452072201555,33.7981001866108,0,0.000885,0,0
0:2:35.807,265.687827946355,33.8256792157309,0,0.000885,0,0
0:2:35.913,265.687827946355,33.8256792157309,0,0.000885,0,0
0:2:36.009,265.687827946355,33.8256792157309,0,0.000885,0,0
0:2:36.109,266.332820078355,33.908416303091,0,0.000885,0,0
0:2:36.209,266.039237452755,33.8739425166909,0,0.000885,0,0
0:2:36.310,266.212718095155,33.894626788531,0,0.000885,0,0
0:2:36.408,266.212718095155,33.894626788531,0,0.000885,0,0
0:2:36.505,266.568575823155,33.9428900894911,0,0.000885,0,0
0:2:36.603,266.857710227155,33.9773638758911,0,0.000885,0,0
0:2:36.704,266.857710227155,33.9773638758911,0,0.000885,0,0
0:2:36.804,267.035639091155,33.9980481477311,0,0.000885,0,0
0:2:36.911,267.329221716755,34.0394166914112,0,0.000885,0,0
0:2:37.017,267.502702359155,34.0601009632512,0,0.000885,0,0
0:2:37.116,267.502702359155,34.0601009632512,0,0.000885,0,0
0:2:37.217,267.680631223155,34.0807852350913,0,0.000885,0,0
0:2:37.317,267.738458103954,34.0876799923713,0,0.000885,0,0
0:2:37.416,268.383450235954,34.1704170797314,0,0.000885,0,0
0:2:37.524,268.383450235954,34.1704170797314,0,0.000885,0,0
0:2:37.622,268.561379099954,34.1911013515714,0,0.000885,0,0
0:2:37.723,268.677032861554,34.2117856234115,0,0.000885,0,0
0:2:37.823,268.797134844754,34.2255751379715,0,0.000885,0,0
0:2:37.930,268.797134844754,34.2255751379715,0,0.000885,0,0
0:2:38.027,269.086269248754,34.2600489243715,0,0.000885,0,0
0:2:38.126,269.206371231954,34.2738384389315,0,0.000885,0,0
0:2:38.227,269.322024993554,34.2945227107716,0,0.000885,0,0
0:2:38.327,269.322024993554,34.2945227107716,0,0.000885,0,0
0:2:38.425,270.024844006354,34.3841545554117,0,0.000885,0,0
0:2:38.527,270.202772870354,34.4048388272517,0,0.000885,0,0
0:2:38.628,270.496355495954,34.4393126136518,0,0.000885,0,0
0:2:38.729,270.496355495954,34.4393126136518,0,0.000885,0,0
0:2:38.830,270.905591883154,34.4944706718919,0,0.000885,0,0
0:2:38.931,271.025693866354,34.5082601864519,0,0.000885,0,0
0:2:39.031,271.141347627954,34.5220497010119,0,0.000885,0,0
0:2:39.131,271.141347627954,34.5220497010119,0,0.000885,0,0
0:2:39.231,271.550584015154,34.577207759252,0,0.000885,0,0
0:2:39.333,271.901993521554,34.6185763029321,0,0.000885,0,0
0:2:39.432,272.022095504754,34.6323658174921,0,0.000885,0,0
0:2:39.532,272.022095504754,34.6323658174921,0,0.000885,0,0
0:2:39.632,272.195576147154,34.6599448466121,0,0.000885,0,0
0:2:39.733,272.546985653554,34.7013133902922,0,0.000885,0,0
0:2:39.833,272.546985653554,34.7013133902922,0,0.000885,0,0
0:2:39.932,272.546985653554,34.7013133902922,0,0.000885,0,0
0:2:40.029,272.609260755954,34.7082081475722,0,0.000885,0,0
0:2:40.127,272.960670262354,34.7564714485323,0,0.000885,0,0
0:2:40.227,272.960670262354,34.7564714485323,0,0.000885,0,0
0:2:40.326,272.902843381554,34.7495766912523,0,0.000885,0,0
0:2:40.427,273.134150904754,34.7771557203723,0,0.000885,0,0
0:2:40.523,273.191977785554,34.7840504776523,0,0.000885,0,0
0:2:40.629,273.191977785554,34.7840504776523,0,0.000885,0,0
0:2:40.729,273.427733530354,34.8116295067724,0,0.000885,0,0
0:2:40.830,273.836969917553,34.8667875650124,0,0.000885,0,0
0:2:40.931,273.957071900753,34.8805770795725,0,0.000885,0,0
0:2:41.028,273.957071900753,34.8805770795725,0,0.000885,0,0
0:2:41.124,273.899245019953,34.8736823222925,0,0.000885,0,0
0:2:41.223,274.014898781553,34.8874718368525,0,0.000885,0,0
0:2:41.325,274.072725662353,34.8943665941325,0,0.000885,0,0
0:2:41.425,274.072725662353,34.8943665941325,0,0.000885,0,0
0:2:41.523,274.486410271153,34.9495246523726,0,0.000885,0,0
0:2:41.618,274.130552543153,34.9012613514125,0,0.000885,0,0
0:2:41.716,274.130552543153,34.9012613514125,0,0.000885,0,0
0:2:41.816,274.192827645553,34.9081561086925,0,0.000885,0,0
0:2:41.916,273.779143036754,34.8598928077324,0,0.000885,0,0
0:2:42.014,273.721316155954,34.8529980504524,0,0.000885,0,0
0:2:42.111,273.721316155954,34.8529980504524,0,0.000885,0,0
0:2:42.207,273.312079768754,34.7978399922123,0,0.000885,0,0
0:2:42.307,272.782741398354,34.7288924194122,0,0.000885,0,0
0:2:42.408,272.195576147154,34.6599448466121,0,0.000885,0,0
0:2:42.506,272.195576147154,34.6599448466121,0,0.000885,0,0
0:2:42.604,271.728512879154,34.597892031092,0,0.000885,0,0
0:2:42.701,270.905591883154,34.4944706718919,0,0.000885,0,0
0:2:42.800,269.967017125554,34.3703650408517,0,0.000885,0,0
0:2:42.900,269.967017125554,34.3703650408517,0,0.000885,0,0
0:2:43.000,268.854961725554,34.2324698952515,0,0.000885,0,0
0:2:43.101,267.329221716755,34.0394166914112,0,0.000885,0,0
0:2:43.202,267.329221716755,34.0394166914112,0,0.000885,0,0
0:2:43.304,265.803481707955,33.8463634875709,0,0.000885,0,0
0:2:43.404,264.335568579955,33.6533102837306,0,0.000885,0,0
0:2:43.505,263.045584315955,33.4947308662904,0,0.000885,0,0
0:2:43.604,263.045584315955,33.4947308662904,0,0.000885,0,0
0:2:43.704,261.524292528756,33.2947829051701,0,0.000885,0,0
0:2:43.804,259.353560387956,33.0189926139697,0,0.000885,0,0
0:2:43.904,256.711316757556,32.6880442645292,0,0.000885,0,0
0:2:44.003,256.711316757556,32.6880442645292,0,0.000885,0,0
0:2:44.104,253.255048574357,32.2467797986085,0,0.000885,0,0
0:2:44.203,248.384245922358,31.6262516434076,0,0.000885,0,0
0:2:44.303,243.575718372759,31.0126182454866,0,0.000885,0,0
0:2:44.404,243.575718372759,31.0126182454866,0,0.000885,0,0
0:2:44.503,238.709363942359,30.3920900902857,0,0.000885,0,0
0:2:44.601,235.60005704396,29.9990889253251,0,0.000885,0,0
0:2:44.699,232.606403907161,29.6198772749246,0,0.000885,0,0
0:2:44.796,232.606403907161,29.6198772749246,0,0.000885,0,0
0:2:44.896,230.320018004761,29.3234027118841,0,0.000885,0,0
0:2:44.996,227.975805221561,29.0269281488437,0,0.000885,0,0
0:2:45.094,227.975805221561,29.0269281488437,0,0.000885,0,0
0:2:45.190,225.747246199962,28.7442431003632,0,0.000885,0,0
0:2:45.288,222.637939301562,28.3443471781226,0,0.000885,0,0
0:2:45.389,219.586459283963,27.9582407704421,0,0.000885,0,0
0:2:45.489,219.586459283963,27.9582407704421,0,0.000885,0,0
0:2:45.586,216.655081249563,27.5859238773215,0,0.000885,0,0
0:2:45.684,213.310018606364,27.1584489259608,0,0.000885,0,0
0:2:45.782,209.617994678364,26.6896054309201,0,0.000885,0,0
0:2:45.882,209.617994678364,26.6896054309201,0,0.000885,0,0
0:2:45.981,205.863695647965,26.2138671785994,0,0.000885,0,0
0:2:46.080,202.287325481566,25.7588131981187,0,0.000885,0,0
0:2:46.177,202.287325481566,25.7588131981187,0,0.000885,0,0
0:2:46.274,198.533026451166,25.276180188518,0,0.000885,0,0
0:2:46.372,195.187963807967,24.8555999944374,0,0.000885,0,0
0:2:46.452,195.187963807967,24.8555999944374,0,0.000885,0,0
